구,연도,강남구,강동구,강북구,강서구,관악구,광진구,구로구,금천구,노원구,도봉구,동대문구,동작구,마포구,서대문구,서초구,성동구,성북구,송파구,양천구,영등포구,용산구,은평구,종로구,중구,중랑구,1인가구수,단독주택_계,단독주택_남자,단독주택_여자,아파트_계,아파트_남자,아파트_여자,연립주택_계,연립주택_남자,연립주택_여자,다세대주택_계,다세대주택_남자,다세대주택_여자,비주거용 건물내 주택_계,비주거용 건물내 주택_남자,비주거용 건물내 주택_여자,일반수급자 65 ~ 69세,일반수급자 70 ~ 74세,일반수급자 75 ~ 79세,일반수급자 80세 이상,값,기초생활수급자비율,저소득노인_65~79비율,저소득노인_80이상비율,노령화지수,총인구,총인구_남자,총인구_여자,전년 대비 증감,증감률,1인가구_비율,65세 이상,0~14세,소비자물가
강남구,2014,1,0,0,0,0,0,0,0,0,0,0,0,0,0,0,0,0,0,0,0,0,0,0,0,0,54052.0,8463.4,11321.6,14186.9,5027.8,9159.1,883.0,333.4,549.6,9600.9,3614.6,5986.3,2301.4,1076.5,1224.9,7294.9,187.4,466.4,441.1,153.4,8.2,-2.75,30.09,25.56,6.42,520799.7,249840.4,270959.3,-87.6,0.4,10.33,4943.0,70885.1,89.257
강남구,2015,1,0,0,0,0,0,0,0,0,0,0,0,0,0,0,0,0,0,0,0,0,0,0,0,0,56542.1,8511.7,11135.9,15443.5,5514.1,9929.4,926.9,358.8,568.1,10223.2,3948.4,6274.8,2273.1,1070.2,1202.9,8027.8,399.9,603.3,557.0,353.5,8.7,-0.53,26.66,22.88,7.77,518807.1,248824.7,269982.4,279.6,0.8,10.87,5694.9,69990.6,91.477
강남구,2016,1,0,0,0,0,0,0,0,0,0,0,0,0,0,0,0,0,0,0,0,0,0,0,0,0,59032.1,8560.0,10950.3,16700.0,6000.4,10699.6,970.7,384.1,586.6,10845.6,4282.3,6563.3,2244.9,1063.9,1181.0,8760.7,612.4,740.3,672.9,553.7,9.1,1.7,23.22,20.2,9.12,516814.6,247809.0,269005.6,646.9,1.3,11.41,6446.7,69096.1,93.696
강남구,2017,1,0,0,0,0,0,0,0,0,0,0,0,0,0,0,0,0,0,0,0,0,0,0,0,0,62774.0,8487.0,10772.0,19654.0,7204.0,12450.0,1074.0,432.0,642.0,11334.0,4553.0,6781.0,2143.0,1027.0,1116.0,9310.0,878.0,846.0,756.0,779.0,8.0,4.91,4.64,6.81,11.09,522514.0,250087.0,272427.0,776.0,1.3,12.36,7607.0,68591.0,97.645
강남구,2018,1,0,0,0,0,0,0,0,0,0,0,0,0,0,0,0,0,0,0,0,0,0,0,0,0,62727.0,8593.0,10445.0,18614.0,6715.0,11899.0,1045.0,433.0,612.0,11888.0,4935.0,6953.0,2222.0,1057.0,1165.0,9920.0,979.0,970.0,874.0,924.0,12.0,6.15,45.66,36.18,11.75,507810.0,243579.0,264231.0,-47.0,-0.1,12.0,7834.0,66657.0,99.086
강남구,2019,1,0,0,0,0,0,0,0,0,0,0,0,0,0,0,0,0,0,0,0,0,0,0,0,0,66073.0,8876.0,10411.0,19693.0,7115.0,12578.0,1066.0,450.0,616.0,12763.0,5286.0,7477.0,2242.0,1087.0,1155.0,11022.0,1196.0,1184.0,1070.0,1153.0,10.0,8.61,1.68,4.44,12.57,509199.0,244403.0,264796.0,3346.0,5.3,12.98,8393.0,66767.0,99.466
강남구,2020,1,0,0,0,0,0,0,0,0,0,0,0,0,0,0,0,0,0,0,0,0,0,0,0,0,68999.0,8859.0,10334.0,20554.0,7413.0,13141.0,1092.0,453.0,639.0,13708.0,5716.0,7992.0,2113.0,1026.0,1087.0,12339.0,1446.0,1357.0,1182.0,1333.0,11.0,9.98,8.87,7.07,13.9,508135.0,243322.0,264813.0,2926.0,4.4,13.58,9162.0,65904.0,100.0
강남구,2021,1,0,0,0,0,0,0,0,0,0,0,0,0,0,0,0,0,0,0,0,0,0,0,0,0,71986.0,8861.0,10173.0,22761.0,8410.0,14351.0,1194.0,516.0,678.0,14241.0,6038.0,8203.0,2126.0,1053.0,1073.0,12630.0,1770.0,1449.0,1278.0,1566.0,12.0,10.19,2.19,5.48,15.95,503019.0,240842.0,262177.0,2987.0,4.3,14.31,10292.0,64520.0,102.5
강남구,2022,1,0,0,0,0,0,0,0,0,0,0,0,0,0,0,0,0,0,0,0,0,0,0,0,0,73579.0,8776.0,9711.0,24116.0,8925.0,15191.0,1244.0,541.0,703.0,14507.0,6263.0,8244.0,2033.0,1008.0,1025.0,13192.0,1936.0,1585.0,1330.0,1801.0,13.0,15.06,1.17,2.49,17.71,500149.0,239430.0,260719.0,1593.0,2.2,14.4,11031.0,62278.0,107.72
강남구,2023,1,0,0,0,0,0,0,0,0,0,0,0,0,0,0,0,0,0,0,0,0,0,0,0,0,76809.0,8821.0,9608.0,26691.0,9838.0,16853.0,1308.0,575.0,733.0,14904.0,6533.0,8371.0,2044.0,1012.0,1032.0,13433.0,2032.0,1626.0,1464.0,1925.0,11.0,19.18,2.04,3.91,18.56,511084.0,244560.0,266524.0,3230.0,4.4,15.36,11860.0,63911.0,111.59
강동구,2014,0,1,0,0,0,0,0,0,0,0,0,0,0,0,0,0,0,0,0,0,0,0,0,0,0,27044.0,8974.6,8442.1,2261.4,1223.6,1037.9,261.6,102.4,159.1,3468.0,1602.1,1865.9,931.9,476.4,455.6,2704.4,-297.4,17.9,325.2,-180.5,19.6,46.63,8.24,21.55,7.24,397947.4,198911.6,199035.7,803.6,3.8,6.08,3531.9,50236.4,89.257
강동구,2015,0,1,0,0,0,0,0,0,0,0,0,0,0,0,0,0,0,0,0,0,0,0,0,0,0,31067.1,9175.2,8532.9,3964.6,1801.5,2163.1,288.2,112.2,176.0,4684.6,2125.9,2558.8,1029.3,541.6,487.6,3392.4,-13.0,200.0,435.2,92.5,20.6,43.23,7.75,20.47,9.34,404104.8,201373.6,202731.2,1228.6,4.4,7.03,4658.3,50498.3,91.477
강동구,2016,0,1,0,0,0,0,0,0,0,0,0,0,0,0,0,0,0,0,0,0,0,0,0,0,0,35090.3,9375.9,8623.6,5667.7,2379.4,3288.3,314.9,122.0,192.9,5901.3,2649.7,3251.6,1126.6,606.9,519.7,4080.4,271.3,382.0,545.1,365.6,21.6,39.83,7.25,19.4,11.44,410262.3,203835.6,206426.7,1653.6,4.9,7.98,5784.7,50760.1,93.696
강동구,2017,0,1,0,0,0,0,0,0,0,0,0,0,0,0,0,0,0,0,0,0,0,0,0,0,0,41050.0,9735.0,8828.0,8415.0,3300.0,5115.0,369.0,143.0,226.0,7266.0,3244.0,4022.0,1304.0,751.0,553.0,5133.0,670.0,593.0,648.0,646.0,19.0,29.12,5.59,15.33,14.46,423978.0,209931.0,214047.0,1581.0,4.0,9.15,7506.0,51894.0,97.645
강동구,2018,0,1,0,0,0,0,0,0,0,0,0,0,0,0,0,0,0,0,0,0,0,0,0,0,0,42126.0,9655.0,8663.0,8481.0,3235.0,5246.0,391.0,152.0,239.0,8196.0,3608.0,4588.0,1310.0,755.0,555.0,5430.0,802.0,709.0,752.0,882.0,27.0,34.82,7.1,12.66,16.04,414231.0,204752.0,209479.0,1076.0,2.6,9.43,7917.0,49358.0,99.086
강동구,2019,0,1,0,0,0,0,0,0,0,0,0,0,0,0,0,0,0,0,0,0,0,0,0,0,0,45188.0,9839.0,8822.0,9843.0,3860.0,5983.0,352.0,131.0,221.0,9253.0,4100.0,5153.0,1407.0,767.0,640.0,5672.0,986.0,886.0,873.0,1138.0,24.0,22.89,6.86,25.22,17.45,415287.0,204807.0,210480.0,3062.0,7.3,10.91,8694.0,49823.0,99.466
강동구,2020,0,1,0,0,0,0,0,0,0,0,0,0,0,0,0,0,0,0,0,0,0,0,0,0,0,50316.0,10120.0,9063.0,11869.0,4576.0,7293.0,381.0,146.0,235.0,11003.0,4869.0,6134.0,1391.0,731.0,660.0,6489.0,1353.0,1149.0,1000.0,1502.0,26.0,46.63,5.02,16.56,18.26,444434.0,218299.0,226135.0,5128.0,11.3,12.12,9876.0,54071.0,100.0
강동구,2021,0,1,0,0,0,0,0,0,0,0,0,0,0,0,0,0,0,0,0,0,0,0,0,0,0,56905.0,10525.0,9119.0,15140.0,5652.0,9488.0,456.0,181.0,275.0,12131.0,5341.0,6790.0,1622.0,936.0,686.0,7912.0,1786.0,1327.0,1147.0,1785.0,28.0,26.76,4.58,14.59,21.14,451099.0,220916.0,230183.0,6589.0,13.1,12.8,11459.0,54212.0,102.5
강동구,2022,0,1,0,0,0,0,0,0,0,0,0,0,0,0,0,0,0,0,0,0,0,0,0,0,0,59752.0,10678.0,9177.0,16244.0,5885.0,10359.0,472.0,168.0,304.0,13200.0,5785.0,7415.0,1689.0,984.0,705.0,8292.0,2014.0,1468.0,1172.0,2053.0,30.0,11.91,4.03,12.3,24.01,448655.0,219114.0,229541.0,2847.0,5.0,13.25,12614.0,52544.0,107.72
강동구,2023,0,1,0,0,0,0,0,0,0,0,0,0,0,0,0,0,0,0,0,0,0,0,0,0,0,62943.0,10697.0,9233.0,17370.0,6330.0,11040.0,529.0,207.0,322.0,14326.0,6268.0,8058.0,1888.0,1151.0,737.0,8900.0,2249.0,1639.0,1303.0,2198.0,25.0,11.33,3.8,9.1,27.52,446561.0,217965.0,228596.0,3191.0,5.3,14.85,13966.0,50751.0,111.59
강북구,2014,0,0,1,0,0,0,0,0,0,0,0,0,0,0,0,0,0,0,0,0,0,0,0,0,0,31473.3,8842.4,10123.7,3839.4,1323.6,2515.8,558.0,207.1,350.9,5295.7,2182.0,3113.7,881.4,425.4,456.0,1932.7,179.1,512.2,683.9,-99.0,22.9,40.71,17.65,37.13,6.7,329239.9,160947.1,168292.9,2286.8,6.9,9.03,6697.2,37127.4,89.257
강북구,2015,0,0,1,0,0,0,0,0,0,0,0,0,0,0,0,0,0,0,0,0,0,0,0,0,0,33862.3,9181.8,10307.7,4455.9,1559.6,2896.3,642.6,239.1,403.5,6231.3,2576.7,3654.6,894.1,440.7,453.4,2148.9,453.0,713.5,853.3,278.2,24.1,37.93,16.07,33.89,13.53,324147.5,158180.4,165967.1,2286.4,6.7,10.09,7555.9,35259.2,91.477
강북구,2016,0,0,1,0,0,0,0,0,0,0,0,0,0,0,0,0,0,0,0,0,0,0,0,0,0,36251.3,9521.3,10491.7,5072.4,1795.7,3276.7,727.3,271.1,456.1,7166.9,2971.4,4195.4,906.7,456.0,450.7,2365.0,726.9,914.7,1022.6,655.4,25.3,35.15,14.48,30.64,20.36,319055.0,155413.7,163641.3,2286.0,6.4,11.15,8414.6,33391.0,93.696
강북구,2017,0,0,1,0,0,0,0,0,0,0,0,0,0,0,0,0,0,0,0,0,0,0,0,0,0,39082.0,9776.0,10595.0,5954.0,2179.0,3775.0,886.0,336.0,550.0,8294.0,3507.0,4787.0,926.0,480.0,446.0,2651.0,1008.0,1122.0,1110.0,1128.0,23.0,25.75,12.34,25.68,30.02,313698.0,152464.0,161234.0,2414.0,6.6,12.46,9525.0,31728.0,97.645
강북구,2018,0,0,1,0,0,0,0,0,0,0,0,0,0,0,0,0,0,0,0,0,0,0,0,0,0,40872.0,10104.0,10814.0,6208.0,2175.0,4033.0,893.0,323.0,570.0,9084.0,3786.0,5298.0,917.0,470.0,447.0,2852.0,1251.0,1303.0,1346.0,1411.0,31.0,49.72,13.1,18.24,33.97,309138.0,150028.0,159110.0,1790.0,4.6,13.22,10071.0,29644.0,99.086
강북구,2019,0,0,1,0,0,0,0,0,0,0,0,0,0,0,0,0,0,0,0,0,0,0,0,0,0,42791.0,10530.0,10960.0,6993.0,2520.0,4473.0,905.0,336.0,569.0,9500.0,3880.0,5620.0,955.0,504.0,451.0,2948.0,1517.0,1517.0,1607.0,1760.0,28.0,18.66,8.46,32.18,38.85,303871.0,147112.0,156759.0,1919.0,4.7,14.08,10768.0,27714.0,99.466
강북구,2020,0,0,1,0,0,0,0,0,0,0,0,0,0,0,0,0,0,0,0,0,0,0,0,0,0,45685.0,11028.0,11423.0,7211.0,2622.0,4589.0,1024.0,393.0,631.0,10889.0,4483.0,6406.0,938.0,502.0,436.0,3172.0,1852.0,1703.0,1777.0,2044.0,30.0,19.87,9.5,21.14,45.48,299535.0,144779.0,154756.0,2894.0,6.8,15.25,11716.0,25762.0,100.0
강북구,2021,0,0,1,0,0,0,0,0,0,0,0,0,0,0,0,0,0,0,0,0,0,0,0,0,0,48428.0,11446.0,11643.0,7862.0,2879.0,4983.0,1144.0,433.0,711.0,12016.0,5040.0,6976.0,999.0,568.0,431.0,3318.0,2148.0,1979.0,1902.0,2473.0,33.0,15.06,4.84,8.56,53.3,292611.0,141265.0,151346.0,2743.0,6.0,16.55,12722.0,23870.0,102.5
강북구,2022,0,0,1,0,0,0,0,0,0,0,0,0,0,0,0,0,0,0,0,0,0,0,0,0,0,51134.0,11685.0,11595.0,8954.0,3277.0,5677.0,1252.0,468.0,784.0,13013.0,5483.0,7530.0,976.0,544.0,432.0,3659.0,2379.0,2097.0,2003.0,2947.0,36.0,14.87,3.61,7.05,61.58,287788.0,138515.0,149273.0,2706.0,5.6,17.77,13623.0,22123.0,107.72
강북구,2023,0,0,1,0,0,0,0,0,0,0,0,0,0,0,0,0,0,0,0,0,0,0,0,0,0,52659.0,11585.0,11564.0,9588.0,3528.0,6060.0,1357.0,506.0,851.0,13568.0,5673.0,7895.0,990.0,552.0,438.0,4007.0,2602.0,2317.0,2154.0,3387.0,29.0,24.23,5.06,10.71,70.53,284155.0,136266.0,147889.0,1525.0,3.0,18.53,14520.0,20587.0,111.59
강서구,2014,0,0,0,1,0,0,0,0,0,0,0,0,0,0,0,0,0,0,0,0,0,0,0,0,0,48222.5,7831.1,7256.1,14079.2,5986.7,8092.5,576.4,219.8,356.6,6531.6,2994.1,3537.6,810.9,409.7,401.2,11137.1,76.5,555.4,982.9,246.4,30.9,14.86,10.33,26.72,3.19,599728.4,293820.1,305908.4,7381.1,13.2,9.35,6848.9,82665.2,89.257
강서구,2015,0,0,0,1,0,0,0,0,0,0,0,0,0,0,0,0,0,0,0,0,0,0,0,0,0,54624.3,7995.5,7350.6,15930.0,6678.8,9251.2,644.7,250.4,394.3,8444.8,3879.5,4565.3,832.8,432.8,400.0,13425.9,531.8,861.0,1199.3,757.6,32.5,13.76,9.53,24.78,6.83,594167.9,290319.4,303848.5,7187.1,12.3,10.33,8201.8,79170.8,91.477
강서구,2016,0,0,0,1,0,0,0,0,0,0,0,0,0,0,0,0,0,0,0,0,0,0,0,0,0,61026.0,8160.0,7445.1,17780.7,7370.9,10409.9,713.0,281.0,432.0,10358.0,4765.0,5593.0,854.6,455.9,398.7,15714.6,987.1,1166.7,1415.7,1268.9,34.0,12.65,8.73,22.83,10.48,588607.4,286818.7,301788.7,6993.1,11.5,11.32,9554.7,75676.4,93.696
강서구,2017,0,0,0,1,0,0,0,0,0,0,0,0,0,0,0,0,0,0,0,0,0,0,0,0,0,68237.0,8371.0,7621.0,19968.0,8158.0,11810.0,799.0,311.0,488.0,12569.0,5788.0,6781.0,876.0,492.0,384.0,18033.0,1525.0,1502.0,1604.0,1792.0,31.0,6.88,6.69,15.18,15.73,581675.0,282678.0,298997.0,7249.0,11.9,12.27,11351.0,72181.0,97.645
강서구,2018,0,0,0,1,0,0,0,0,0,0,0,0,0,0,0,0,0,0,0,0,0,0,0,0,0,73011.0,8454.0,7514.0,21221.0,8693.0,12528.0,823.0,326.0,497.0,13963.0,6452.0,7511.0,900.0,508.0,392.0,20136.0,1831.0,1770.0,1844.0,2242.0,42.0,14.47,7.63,19.22,17.65,578539.0,280629.0,297910.0,4774.0,7.0,13.29,12192.0,69057.0,99.086
강서구,2019,0,0,0,1,0,0,0,0,0,0,0,0,0,0,0,0,0,0,0,0,0,0,0,0,0,79371.0,8655.0,7792.0,23041.0,9364.0,13677.0,904.0,382.0,522.0,15622.0,7148.0,8474.0,964.0,549.0,415.0,22393.0,2242.0,2038.0,2076.0,2731.0,37.0,11.55,7.89,25.34,20.34,574097.0,277365.0,296732.0,6360.0,8.7,14.18,13343.0,65584.0,99.466
강서구,2020,0,0,0,1,0,0,0,0,0,0,0,0,0,0,0,0,0,0,0,0,0,0,0,0,0,86172.0,8767.0,7754.0,24864.0,9983.0,14881.0,1010.0,415.0,595.0,18027.0,8389.0,9638.0,913.0,507.0,406.0,24837.0,2733.0,2384.0,2341.0,3340.0,40.0,10.64,5.96,16.65,24.04,564854.0,271779.0,293075.0,6801.0,8.6,15.26,14607.0,60762.0,100.0
강서구,2021,0,0,0,1,0,0,0,0,0,0,0,0,0,0,0,0,0,0,0,0,0,0,0,0,0,94436.0,8963.0,7921.0,27611.0,11059.0,16552.0,1053.0,444.0,609.0,20289.0,9319.0,10970.0,937.0,540.0,397.0,27662.0,3504.0,2719.0,2509.0,3990.0,44.0,4.02,3.74,11.45,28.09,559837.0,268530.0,291307.0,8264.0,9.6,16.45,16264.0,57891.0,102.5
강서구,2022,0,0,0,1,0,0,0,0,0,0,0,0,0,0,0,0,0,0,0,0,0,0,0,0,0,100695.0,9227.0,8072.0,29146.0,11608.0,17538.0,1138.0,458.0,680.0,22280.0,10266.0,12014.0,943.0,576.0,367.0,29889.0,3748.0,3015.0,2659.0,4390.0,48.0,4.12,3.61,9.25,32.19,555999.0,266085.0,289914.0,6259.0,6.6,17.41,17624.0,54744.0,107.72
강서구,2023,0,0,0,1,0,0,0,0,0,0,0,0,0,0,0,0,0,0,0,0,0,0,0,0,0,104509.0,9288.0,8088.0,30435.0,12109.0,18326.0,1177.0,488.0,689.0,23325.0,10786.0,12539.0,1060.0,665.0,395.0,31136.0,4076.0,3298.0,2936.0,4712.0,39.0,5.99,3.32,8.31,37.51,549557.0,262646.0,286911.0,3814.0,3.8,17.97,19383.0,51673.0,111.59
관악구,2014,0,0,0,0,1,0,0,0,0,0,0,0,0,0,0,0,0,0,0,0,0,0,0,0,0,82997.0,25136.9,20523.4,8415.5,3678.1,4737.4,803.9,325.1,478.8,7741.1,3775.1,3966.0,7108.2,4418.8,2689.4,13268.1,-153.4,498.8,589.0,-17.6,28.7,8.05,5.26,9.33,2.62,522271.4,262625.4,259646.0,3731.4,4.6,17.47,6760.0,52171.5,89.257
관악구,2015,0,0,0,0,1,0,0,0,0,0,0,0,0,0,0,0,0,0,0,0,0,0,0,0,0,90619.6,27143.9,22162.5,9199.0,3967.7,5231.3,876.8,362.4,514.5,8752.9,4231.3,4521.6,7697.7,4713.8,2983.9,14786.8,176.4,675.4,742.6,344.0,30.2,8.27,5.08,9.38,8.5,518992.6,260759.1,258233.6,4223.1,4.7,18.82,7768.1,49393.5,91.477
관악구,2016,0,0,0,0,1,0,0,0,0,0,0,0,0,0,0,0,0,0,0,0,0,0,0,0,0,98242.1,29151.0,23801.7,9982.4,4257.3,5725.1,949.7,399.6,550.1,9764.7,4687.4,5077.3,8287.1,5008.7,3278.4,16305.4,506.3,852.0,896.3,705.6,31.7,8.48,4.9,9.44,14.38,515713.9,258892.7,256821.1,4714.9,4.9,20.17,8776.1,46615.6,93.696
관악구,2017,0,0,0,0,1,0,0,0,0,0,0,0,0,0,0,0,0,0,0,0,0,0,0,0,0,106865.0,31624.0,25011.0,10990.0,4636.0,6354.0,1062.0,470.0,592.0,10879.0,5251.0,5628.0,8841.0,5256.0,3585.0,18458.0,894.0,1015.0,969.0,1004.0,29.0,7.23,3.48,7.18,23.01,511222.0,256857.0,254365.0,2893.0,2.8,21.65,10150.0,44110.0,97.645
관악구,2018,0,0,0,0,1,0,0,0,0,0,0,0,0,0,0,0,0,0,0,0,0,0,0,0,0,112733.0,32561.0,26598.0,11808.0,4945.0,6863.0,1095.0,472.0,623.0,11742.0,5598.0,6144.0,9716.0,5728.0,3988.0,19213.0,1080.0,1171.0,1186.0,1412.0,39.0,7.67,4.28,7.71,26.0,510303.0,255687.0,254616.0,5868.0,5.5,22.69,10687.0,41109.0,99.086
관악구,2019,0,0,0,0,1,0,0,0,0,0,0,0,0,0,0,0,0,0,0,0,0,0,0,0,0,119863.0,35141.0,29417.0,11833.0,4928.0,6905.0,1125.0,471.0,654.0,12544.0,5844.0,6700.0,10399.0,6114.0,4285.0,19404.0,1399.0,1366.0,1373.0,1759.0,35.0,10.2,4.89,12.04,30.11,507828.0,254082.0,253746.0,7130.0,6.3,24.18,11553.0,38374.0,99.466
관악구,2020,0,0,0,0,1,0,0,0,0,0,0,0,0,0,0,0,0,0,0,0,0,0,0,0,0,129233.0,37145.0,30786.0,12924.0,5327.0,7597.0,1221.0,530.0,691.0,13917.0,6553.0,7364.0,9840.0,5725.0,4115.0,23400.0,1893.0,1632.0,1649.0,2277.0,38.0,12.81,6.88,13.0,35.83,502641.0,250850.0,251791.0,9370.0,7.8,25.71,12576.0,35103.0,100.0
관악구,2021,0,0,0,0,1,0,0,0,0,0,0,0,0,0,0,0,0,0,0,0,0,0,0,0,0,136255.0,39245.0,32299.0,13690.0,5625.0,8065.0,1312.0,594.0,718.0,14969.0,6995.0,7974.0,11112.0,6501.0,4611.0,23628.0,2286.0,1793.0,1751.0,2607.0,41.0,9.15,2.96,10.46,42.87,495777.0,247814.0,247963.0,7022.0,5.4,26.83,13801.0,32194.0,102.5
관악구,2022,0,0,0,0,1,0,0,0,0,0,0,0,0,0,0,0,0,0,0,0,0,0,0,0,0,145433.0,41529.0,33950.0,15041.0,6135.0,8906.0,1392.0,633.0,759.0,15872.0,7461.0,8411.0,12074.0,6892.0,5182.0,25575.0,2493.0,1891.0,1741.0,2902.0,45.0,10.93,4.58,11.55,49.64,496743.0,248148.0,248595.0,9178.0,6.7,28.45,14874.0,29963.0,107.72
관악구,2023,0,0,0,0,1,0,0,0,0,0,0,0,0,0,0,0,0,0,0,0,0,0,0,0,0,150745.0,43010.0,34448.0,15528.0,6313.0,9215.0,1482.0,669.0,813.0,16761.0,7883.0,8878.0,12533.0,7104.0,5429.0,26983.0,2735.0,2041.0,1907.0,3103.0,37.0,7.42,2.26,5.66,57.88,493677.0,246553.0,247124.0,5312.0,3.7,29.54,16018.0,27673.0,111.59
광진구,2014,0,0,0,0,0,1,0,0,0,0,0,0,0,0,0,0,0,0,0,0,0,0,0,0,0,44641.2,15458.4,16145.9,2158.3,954.6,1203.6,357.1,145.6,211.6,5422.4,2352.7,3069.6,2096.6,1010.4,1086.1,3002.6,-100.1,190.9,246.9,61.9,14.6,44.76,7.76,14.61,5.43,374155.4,183519.1,190636.3,1048.2,2.7,13.02,4387.4,43362.7,89.257
광진구,2015,0,0,0,0,0,1,0,0,0,0,0,0,0,0,0,0,0,0,0,0,0,0,0,0,0,47670.3,15886.0,16365.2,2545.6,1074.1,1471.5,411.4,163.3,248.1,6528.6,2814.2,3714.4,2170.6,1069.0,1101.6,3762.8,91.5,293.3,323.0,213.3,15.5,41.22,7.53,14.55,8.64,370885.4,181401.8,189483.6,1320.9,3.0,13.8,4930.0,41452.2,91.477
광진구,2016,0,0,0,0,0,1,0,0,0,0,0,0,0,0,0,0,0,0,0,0,0,0,0,0,0,50699.3,16313.7,16584.6,2932.9,1193.6,1739.3,465.6,181.0,284.6,7634.9,3275.7,4359.1,2244.7,1127.6,1117.1,4523.0,283.1,395.7,399.1,364.7,16.4,37.69,7.3,14.49,11.86,367615.4,179284.6,188330.9,1593.6,3.3,14.59,5472.7,39541.7,93.696
광진구,2017,0,0,0,0,0,1,0,0,0,0,0,0,0,0,0,0,0,0,0,0,0,0,0,0,0,54866.0,16999.0,17027.0,3512.0,1415.0,2097.0,566.0,219.0,347.0,8835.0,3850.0,4985.0,2364.0,1250.0,1114.0,5563.0,486.0,470.0,433.0,482.0,15.0,46.09,7.69,15.58,16.55,363934.0,177156.0,186778.0,1697.0,3.2,15.83,6202.0,37469.0,97.645
광진구,2018,0,0,0,0,0,1,0,0,0,0,0,0,0,0,0,0,0,0,0,0,0,0,0,0,0,56337.0,17100.0,16925.0,3591.0,1359.0,2232.0,585.0,218.0,367.0,9655.0,4129.0,5526.0,2394.0,1222.0,1172.0,6087.0,662.0,611.0,552.0,709.0,21.0,31.42,8.11,16.36,18.15,362304.0,175762.0,186542.0,1471.0,2.7,16.23,6534.0,36007.0,99.086
광진구,2019,0,0,0,0,0,1,0,0,0,0,0,0,0,0,0,0,0,0,0,0,0,0,0,0,0,58714.0,17395.0,16962.0,4142.0,1565.0,2577.0,557.0,200.0,357.0,10857.0,4551.0,6306.0,2432.0,1282.0,1150.0,6369.0,811.0,694.0,674.0,830.0,18.0,13.74,7.56,14.25,20.38,359766.0,174027.0,185739.0,2377.0,4.2,16.59,6926.0,33983.0,99.466
광진구,2020,0,0,0,0,0,1,0,0,0,0,0,0,0,0,0,0,0,0,0,0,0,0,0,0,0,62301.0,17899.0,17469.0,4296.0,1606.0,2690.0,663.0,250.0,413.0,12125.0,5072.0,7053.0,2473.0,1280.0,1193.0,7376.0,1055.0,832.0,725.0,948.0,20.0,12.67,3.95,12.89,23.58,353967.0,169925.0,184042.0,3587.0,6.1,17.32,7502.0,31809.0,100.0
광진구,2021,0,0,0,0,0,1,0,0,0,0,0,0,0,0,0,0,0,0,0,0,0,0,0,0,0,66140.0,18429.0,17775.0,4694.0,1700.0,2994.0,731.0,266.0,465.0,13392.0,5679.0,7713.0,2674.0,1475.0,1199.0,8445.0,1306.0,945.0,791.0,1136.0,22.0,17.85,2.84,8.94,27.65,347099.0,166469.0,180630.0,3839.0,6.2,18.26,8187.0,29611.0,102.5
광진구,2022,0,0,0,0,0,1,0,0,0,0,0,0,0,0,0,0,0,0,0,0,0,0,0,0,0,69391.0,18909.0,17968.0,5407.0,1992.0,3415.0,813.0,307.0,506.0,14410.0,6111.0,8299.0,2638.0,1431.0,1207.0,9246.0,1431.0,1009.0,835.0,1264.0,24.0,31.46,6.2,12.07,31.66,346519.0,165843.0,180676.0,3251.0,4.9,19.07,8851.0,27958.0,107.72
광진구,2023,0,0,0,0,0,1,0,0,0,0,0,0,0,0,0,0,0,0,0,0,0,0,0,0,0,71959.0,19440.0,18108.0,5732.0,2063.0,3669.0,862.0,303.0,559.0,15145.0,6460.0,8685.0,2812.0,1593.0,1219.0,9860.0,1597.0,1077.0,916.0,1423.0,20.0,11.73,8.42,19.64,35.15,348160.0,166527.0,181633.0,2568.0,3.7,20.67,9302.0,26461.0,111.59
구로구,2014,0,0,0,0,0,0,1,0,0,0,0,0,0,0,0,0,0,0,0,0,0,0,0,0,0,31897.1,7269.4,6269.6,6392.9,2514.2,3878.7,718.7,207.3,511.4,2409.9,1179.7,1230.1,853.3,449.0,404.3,7983.4,-67.4,190.7,340.1,-110.3,14.9,22.76,17.44,38.27,4.54,445586.6,223893.6,221693.0,541.3,2.5,7.25,4801.5,55255.4,89.257
구로구,2015,0,0,0,0,0,0,1,0,0,0,0,0,0,0,0,0,0,0,0,0,0,0,0,0,0,35179.1,7423.3,6350.8,7608.7,3017.2,4591.5,855.2,280.7,574.5,3141.1,1511.9,1629.1,860.1,461.8,398.3,8940.0,123.8,333.5,451.5,144.3,15.7,22.14,15.66,34.73,7.81,443114.8,222358.6,220756.1,909.7,3.0,8.04,5677.2,53166.2,91.477
구로구,2016,0,0,0,0,0,0,1,0,0,0,0,0,0,0,0,0,0,0,0,0,0,0,0,0,0,38461.0,7577.1,6432.0,8824.4,3520.1,5304.3,991.7,354.1,637.6,3872.3,1844.1,2028.1,866.9,474.6,392.3,9896.6,314.9,476.3,562.9,398.9,16.4,21.52,13.89,31.18,11.09,440643.0,220823.7,219819.3,1278.1,3.5,8.83,6552.9,51077.1,93.696
구로구,2017,0,0,0,0,0,0,1,0,0,0,0,0,0,0,0,0,0,0,0,0,0,0,0,0,0,42984.0,7840.0,6693.0,10017.0,4032.0,5985.0,1155.0,462.0,693.0,4905.0,2314.0,2591.0,939.0,523.0,416.0,11435.0,590.0,660.0,686.0,681.0,15.0,21.96,7.1,14.62,15.72,436869.0,218428.0,218441.0,929.0,2.2,10.14,7741.0,49240.0,97.645
구로구,2018,0,0,0,0,0,0,1,0,0,0,0,0,0,0,0,0,0,0,0,0,0,0,0,0,0,44151.0,7777.0,6419.0,11042.0,4419.0,6623.0,1235.0,467.0,768.0,5248.0,2506.0,2742.0,865.0,494.0,371.0,11565.0,665.0,723.0,759.0,880.0,20.0,18.08,20.63,45.52,17.81,433765.0,217086.0,216679.0,1167.0,2.7,10.11,8238.0,46263.0,99.086
구로구,2019,0,0,0,0,0,0,1,0,0,0,0,0,0,0,0,0,0,0,0,0,0,0,0,0,0,47740.0,7940.0,6595.0,12611.0,5067.0,7544.0,1385.0,543.0,842.0,5759.0,2679.0,3080.0,918.0,541.0,377.0,12532.0,818.0,903.0,901.0,1154.0,18.0,18.68,4.58,12.01,19.88,435560.0,217373.0,218187.0,3589.0,8.1,11.01,8981.0,45177.0,99.466
구로구,2020,0,0,0,0,0,0,1,0,0,0,0,0,0,0,0,0,0,0,0,0,0,0,0,0,0,50971.0,8183.0,6728.0,13837.0,5606.0,8231.0,1579.0,680.0,899.0,6556.0,3014.0,3542.0,757.0,435.0,322.0,13331.0,1019.0,1050.0,1011.0,1398.0,20.0,27.52,6.08,21.2,22.98,435442.0,216855.0,218587.0,3231.0,6.8,11.7,9853.0,42885.0,100.0
구로구,2021,0,0,0,0,0,0,1,0,0,0,0,0,0,0,0,0,0,0,0,0,0,0,0,0,0,54980.0,8480.0,6917.0,14864.0,6017.0,8847.0,1640.0,716.0,924.0,7721.0,3605.0,4116.0,892.0,537.0,355.0,14466.0,1306.0,1164.0,1146.0,1694.0,21.0,9.62,3.54,10.22,26.8,426220.0,212275.0,213945.0,4009.0,7.9,12.63,10842.0,40460.0,102.5
구로구,2022,0,0,0,0,0,0,1,0,0,0,0,0,0,0,0,0,0,0,0,0,0,0,0,0,0,58977.0,8544.0,6967.0,16400.0,6682.0,9718.0,1808.0,798.0,1010.0,8450.0,3949.0,4501.0,898.0,531.0,367.0,15910.0,1508.0,1333.0,1218.0,1948.0,23.0,18.44,3.03,8.74,30.69,424038.0,210737.0,213301.0,3997.0,7.3,13.84,11845.0,38592.0,107.72
구로구,2023,0,0,0,0,0,0,1,0,0,0,0,0,0,0,0,0,0,0,0,0,0,0,0,0,0,61318.0,8585.0,6978.0,17041.0,6901.0,10140.0,1962.0,869.0,1093.0,8941.0,4144.0,4797.0,989.0,619.0,370.0,16822.0,1649.0,1499.0,1338.0,2165.0,19.0,18.94,2.63,6.63,35.38,423397.0,210034.0,213363.0,2341.0,4.0,14.48,12889.0,36428.0,111.59
금천구,2014,0,0,0,0,0,0,0,1,0,0,0,0,0,0,0,0,0,0,0,0,0,0,0,0,0,21364.9,7731.0,6175.6,3311.5,1733.4,1578.1,359.4,129.5,229.9,1457.5,742.5,715.0,944.1,640.9,303.3,1385.8,138.3,414.3,551.9,32.6,18.6,17.78,13.74,25.7,6.01,252456.9,129354.9,123102.1,1545.6,6.4,8.42,3703.7,26560.1,89.257
금천구,2015,0,0,0,0,0,0,0,1,0,0,0,0,0,0,0,0,0,0,0,0,0,0,0,0,0,24875.3,7897.0,6272.6,3904.8,1965.9,1938.9,435.1,168.2,266.9,2322.2,1180.0,1142.1,956.4,637.4,318.9,3087.3,298.3,503.8,617.6,233.7,19.6,17.95,12.91,24.68,11.36,251782.7,128824.5,122958.2,1771.4,6.5,9.87,4277.6,25370.9,91.477
금천구,2016,0,0,0,0,0,0,0,1,0,0,0,0,0,0,0,0,0,0,0,0,0,0,0,0,0,28385.7,8063.0,6369.6,4498.0,2198.3,2299.7,510.9,206.9,304.0,3186.9,1617.6,1569.3,968.6,634.0,334.6,4788.9,458.3,593.3,683.4,434.9,20.7,18.12,12.09,23.66,16.71,251108.6,128294.1,122814.4,1997.3,6.7,11.31,4851.4,24181.7,93.696
금천구,2017,0,0,0,0,0,0,0,1,0,0,0,0,0,0,0,0,0,0,0,0,0,0,0,0,0,32928.0,8356.0,6594.0,4891.0,2260.0,2631.0,633.0,268.0,365.0,4079.0,2030.0,2049.0,1058.0,688.0,370.0,7317.0,676.0,692.0,713.0,638.0,19.0,30.12,8.59,14.5,24.4,249930.0,127252.0,122678.0,1200.0,3.8,13.18,5632.0,23079.0,97.645
금천구,2018,0,0,0,0,0,0,0,1,0,0,0,0,0,0,0,0,0,0,0,0,0,0,0,0,0,34564.0,8231.0,6471.0,6178.0,3041.0,3137.0,621.0,262.0,359.0,4813.0,2458.0,2355.0,937.0,592.0,345.0,7313.0,778.0,741.0,818.0,825.0,26.0,11.93,14.77,29.54,27.32,249344.0,127278.0,122066.0,1636.0,5.0,13.86,5968.0,21842.0,99.086
금천구,2019,0,0,0,0,0,0,0,1,0,0,0,0,0,0,0,0,0,0,0,0,0,0,0,0,0,37778.0,8631.0,6606.0,5960.0,2727.0,3233.0,711.0,302.0,409.0,5651.0,2891.0,2760.0,1035.0,621.0,414.0,9184.0,880.0,887.0,926.0,1038.0,23.0,11.91,9.58,23.23,31.08,249747.0,127242.0,122505.0,3214.0,9.3,15.15,6402.0,20600.0,99.466
금천구,2020,0,0,0,0,0,0,0,1,0,0,0,0,0,0,0,0,0,0,0,0,0,0,0,0,0,42334.0,8608.0,6723.0,6641.0,2974.0,3667.0,824.0,375.0,449.0,6661.0,3392.0,3269.0,898.0,562.0,336.0,11979.0,1046.0,960.0,964.0,1244.0,25.0,15.84,8.38,19.44,36.39,249419.0,126490.0,122929.0,4556.0,12.1,17.11,6998.0,19233.0,100.0
금천구,2021,0,0,0,0,0,0,0,1,0,0,0,0,0,0,0,0,0,0,0,0,0,0,0,0,0,46827.0,8870.0,6807.0,7705.0,3433.0,4272.0,898.0,419.0,479.0,7843.0,3983.0,3860.0,1065.0,634.0,431.0,13639.0,1267.0,1041.0,1009.0,1451.0,27.0,17.87,5.0,17.77,42.27,247398.0,125468.0,121930.0,4493.0,10.6,18.94,7688.0,18186.0,102.5
금천구,2022,0,0,0,0,0,0,0,1,0,0,0,0,0,0,0,0,0,0,0,0,0,0,0,0,0,50528.0,9240.0,7067.0,8271.0,3719.0,4552.0,955.0,421.0,534.0,8534.0,4295.0,4239.0,1027.0,596.0,431.0,15434.0,1446.0,1104.0,1054.0,1657.0,30.0,19.02,8.8,18.31,49.26,247185.0,125201.0,121984.0,3701.0,7.9,20.22,8406.0,17065.0,107.72
금천구,2023,0,0,0,0,0,0,0,1,0,0,0,0,0,0,0,0,0,0,0,0,0,0,0,0,0,52033.0,9153.0,7035.0,8451.0,3742.0,4709.0,1055.0,484.0,571.0,8938.0,4525.0,4413.0,1102.0,649.0,453.0,16299.0,1595.0,1234.0,1142.0,1823.0,25.0,25.02,6.4,14.29,55.95,245860.0,124278.0,121582.0,1505.0,3.0,21.16,8934.0,15969.0,111.59
노원구,2014,0,0,0,0,0,0,0,0,1,0,0,0,0,0,0,0,0,0,0,0,0,0,0,0,0,40156.9,5653.5,5472.8,22615.1,7718.3,14896.9,483.9,219.5,264.4,3139.9,1521.9,1618.0,757.6,428.4,329.2,2034.0,694.4,1005.6,1443.3,158.9,23.9,41.9,20.06,27.31,6.28,567653.4,276852.1,290801.3,1505.4,3.9,8.9,8983.7,77765.7,89.257
노원구,2015,0,0,0,0,0,0,0,0,1,0,0,0,0,0,0,0,0,0,0,0,0,0,0,0,0,42971.0,5765.8,5491.0,24813.5,8570.1,16243.4,529.1,238.3,290.8,3462.6,1675.9,1786.7,789.1,452.3,336.8,2119.9,1026.0,1258.9,1629.9,706.6,25.1,39.85,18.1,25.44,10.0,558887.0,272094.7,286792.3,1674.3,4.0,9.26,10149.0,74399.2,91.477
노원구,2016,0,0,0,0,0,0,0,0,1,0,0,0,0,0,0,0,0,0,0,0,0,0,0,0,0,45785.1,5878.0,5509.3,27011.9,9422.0,17589.9,574.3,257.1,317.1,3785.3,1829.9,1955.4,820.7,476.3,344.4,2205.7,1357.7,1512.1,1816.4,1254.3,26.4,37.8,16.14,23.56,13.73,550120.7,267337.4,282783.3,1843.3,4.1,9.62,11314.3,71032.7,93.696
노원구,2017,0,0,0,0,0,0,0,0,1,0,0,0,0,0,0,0,0,0,0,0,0,0,0,0,0,49265.0,6127.0,5610.0,29566.0,10388.0,19178.0,640.0,291.0,349.0,4164.0,1992.0,2172.0,863.0,500.0,363.0,2295.0,1712.0,1689.0,1854.0,1864.0,24.0,39.24,11.36,15.59,18.66,543499.0,263655.0,279844.0,1624.0,3.4,9.99,12746.0,68323.0,97.645
노원구,2018,0,0,0,0,0,0,0,0,1,0,0,0,0,0,0,0,0,0,0,0,0,0,0,0,0,51280.0,6159.0,5630.0,31115.0,11058.0,20057.0,639.0,276.0,363.0,4429.0,2148.0,2281.0,871.0,529.0,342.0,2437.0,1959.0,1990.0,2192.0,2299.0,33.0,25.99,11.71,13.12,21.18,534096.0,258737.0,275359.0,2015.0,4.1,10.33,13567.0,64067.0,99.086
노원구,2019,0,0,0,0,0,0,0,0,1,0,0,0,0,0,0,0,0,0,0,0,0,0,0,0,0,53365.0,6192.0,5418.0,33073.0,11699.0,21374.0,701.0,301.0,400.0,4632.0,2221.0,2411.0,944.0,564.0,380.0,2405.0,2273.0,2301.0,2465.0,2839.0,29.0,32.69,11.9,23.34,24.19,522480.0,252662.0,269818.0,2085.0,4.1,10.59,14604.0,60377.0,99.466
노원구,2020,0,0,0,0,0,0,0,0,1,0,0,0,0,0,0,0,0,0,0,0,0,0,0,0,0,56438.0,5846.0,5447.0,35828.0,12899.0,22929.0,771.0,353.0,418.0,5127.0,2492.0,2635.0,883.0,507.0,376.0,2536.0,2722.0,2621.0,2703.0,3345.0,32.0,21.09,14.31,34.28,27.53,511982.0,246317.0,265665.0,3073.0,5.8,11.02,15819.0,57456.0,100.0
노원구,2021,0,0,0,0,0,0,0,0,1,0,0,0,0,0,0,0,0,0,0,0,0,0,0,0,0,60647.0,6578.0,5657.0,38532.0,13925.0,24607.0,791.0,350.0,441.0,5402.0,2629.0,2773.0,1016.0,648.0,368.0,2671.0,3218.0,2861.0,2852.0,4136.0,34.0,44.81,4.17,11.82,31.76,503929.0,242171.0,261758.0,4209.0,7.5,11.61,17188.0,54122.0,102.5
노원구,2022,0,0,0,0,0,0,0,0,1,0,0,0,0,0,0,0,0,0,0,0,0,0,0,0,0,63022.0,6705.0,5580.0,40546.0,14605.0,25941.0,856.0,365.0,491.0,5719.0,2739.0,2980.0,1013.0,626.0,387.0,2603.0,3325.0,3066.0,2836.0,4668.0,38.0,30.13,3.45,10.64,36.04,496423.0,238120.0,258303.0,2375.0,3.9,11.8,18296.0,50770.0,107.72
노원구,2023,0,0,0,0,0,0,0,0,1,0,0,0,0,0,0,0,0,0,0,0,0,0,0,0,0,65275.0,6682.0,5734.0,41977.0,15232.0,26745.0,887.0,391.0,496.0,6059.0,2899.0,3160.0,1039.0,631.0,408.0,2897.0,3582.0,3149.0,3037.0,4964.0,31.0,13.32,1.13,3.56,40.98,492979.0,236495.0,256484.0,2253.0,3.6,12.01,19608.0,47852.0,111.59
도봉구,2014,0,0,0,0,0,0,0,0,0,1,0,0,0,0,0,0,0,0,0,0,0,0,0,0,0,22605.1,5362.0,5688.1,6679.1,2177.3,4501.9,338.1,128.0,210.1,2875.4,1234.3,1641.1,537.9,295.1,242.8,1124.4,-88.5,299.5,475.2,-68.1,10.0,57.4,8.36,22.13,4.31,350628.4,171634.5,178993.9,1030.1,4.7,5.99,5091.1,42850.3,89.257
도봉구,2015,0,0,0,0,0,0,0,0,0,1,0,0,0,0,0,0,0,0,0,0,0,0,0,0,0,24718.0,5525.4,5753.3,7440.8,2456.7,4984.1,408.6,158.4,250.2,3581.9,1528.3,2053.6,543.4,297.7,245.7,1464.7,115.3,413.4,562.9,200.5,10.6,53.74,8.04,21.24,9.12,344895.6,168549.7,176345.8,1173.4,4.9,6.86,5873.4,40821.5,91.477
도봉구,2016,0,0,0,0,0,0,0,0,0,1,0,0,0,0,0,0,0,0,0,0,0,0,0,0,0,26830.9,5688.7,5818.6,8202.4,2736.1,5466.3,479.0,188.7,290.3,4288.3,1822.3,2466.0,548.9,300.3,248.6,1805.0,319.0,527.3,650.6,469.1,11.1,50.07,7.73,20.36,13.93,339162.7,165465.0,173697.7,1316.7,5.0,7.73,6655.7,38792.7,93.696
도봉구,2017,0,0,0,0,0,0,0,0,0,1,0,0,0,0,0,0,0,0,0,0,0,0,0,0,0,29469.0,5907.0,5942.0,8970.0,3068.0,5902.0,589.0,243.0,346.0,5180.0,2214.0,2966.0,556.0,302.0,254.0,2325.0,602.0,651.0,726.0,740.0,10.0,29.28,7.43,19.99,20.92,332586.0,161944.0,170642.0,1173.0,4.1,8.86,7714.0,36873.0,97.645
도봉구,2018,0,0,0,0,0,0,0,0,0,1,0,0,0,0,0,0,0,0,0,0,0,0,0,0,0,30848.0,5881.0,5884.0,9737.0,3302.0,6435.0,626.0,250.0,376.0,5745.0,2408.0,3337.0,537.0,279.0,258.0,2438.0,711.0,753.0,829.0,1048.0,14.0,43.79,7.77,20.33,23.45,328243.0,159569.0,168674.0,1379.0,4.7,9.4,8176.0,34863.0,99.086
도봉구,2019,0,0,0,0,0,0,0,0,0,1,0,0,0,0,0,0,0,0,0,0,0,0,0,0,0,32653.0,6185.0,5952.0,10374.0,3473.0,6901.0,654.0,254.0,400.0,6131.0,2558.0,3573.0,601.0,334.0,267.0,2756.0,854.0,861.0,920.0,1248.0,12.0,72.65,6.74,17.78,27.07,323543.0,156961.0,166582.0,1805.0,5.9,10.09,8828.0,32614.0,99.466
도봉구,2020,0,0,0,0,0,0,0,0,0,1,0,0,0,0,0,0,0,0,0,0,0,0,0,0,0,34884.0,6392.0,6105.0,11176.0,3775.0,7401.0,700.0,280.0,420.0,6967.0,2966.0,4001.0,535.0,295.0,240.0,3009.0,1093.0,988.0,997.0,1491.0,14.0,28.31,6.85,14.44,31.44,315979.0,153080.0,162899.0,2231.0,6.8,11.04,9582.0,30478.0,100.0
도봉구,2021,0,0,0,0,0,0,0,0,0,1,0,0,0,0,0,0,0,0,0,0,0,0,0,0,0,37853.0,6597.0,6227.0,12233.0,4246.0,7987.0,850.0,355.0,495.0,7848.0,3315.0,4533.0,594.0,348.0,246.0,3504.0,1354.0,1078.0,1120.0,1819.0,15.0,26.82,4.93,14.86,36.86,309200.0,149413.0,159787.0,2969.0,8.5,12.24,10502.0,28488.0,102.5
도봉구,2022,0,0,0,0,0,0,0,0,0,1,0,0,0,0,0,0,0,0,0,0,0,0,0,0,0,39744.0,6654.0,6195.0,12908.0,4480.0,8428.0,923.0,389.0,534.0,8688.0,3648.0,5040.0,614.0,326.0,288.0,3762.0,1539.0,1216.0,1160.0,2113.0,16.0,22.31,4.0,12.1,42.66,304137.0,146600.0,157537.0,1891.0,5.0,13.07,11354.0,26616.0,107.72
도봉구,2023,0,0,0,0,0,0,0,0,0,1,0,0,0,0,0,0,0,0,0,0,0,0,0,0,0,41525.0,6779.0,6252.0,13345.0,4633.0,8712.0,983.0,400.0,583.0,9239.0,3879.0,5360.0,558.0,290.0,268.0,4369.0,1785.0,1333.0,1257.0,2347.0,13.0,24.65,7.62,18.18,49.73,299931.0,144315.0,155616.0,1781.0,4.5,13.84,12339.0,24811.0,111.59
동대문구,2014,0,0,0,0,0,0,0,0,0,0,1,0,0,0,0,0,0,0,0,0,0,0,0,0,0,44071.8,14952.5,13955.8,5970.8,2533.9,3436.9,394.1,205.8,188.4,3581.7,1885.1,1696.6,2350.4,1254.1,1096.3,2866.5,,,,,32.5,32.84,3.89,4.65,13.5,359347.3,179559.9,179787.4,758.1,2.2,12.4,6453.5,38980.1,89.257
동대문구,2015,0,0,0,0,0,0,0,0,0,0,1,0,0,0,0,0,0,0,0,0,0,0,0,0,0,47038.8,15050.6,13856.8,7172.3,2996.4,4176.0,460.2,230.7,229.5,3983.8,2059.6,1924.2,2359.7,1260.7,1099.0,4155.4,,,,,34.3,30.08,3.94,5.24,16.7,358422.3,178429.3,179993.0,1067.7,2.6,13.25,7099.3,37824.4,91.477
동대문구,2016,0,0,0,0,0,0,0,0,0,0,1,0,0,0,0,0,0,0,0,0,0,0,0,0,0,50005.9,15148.7,13757.9,8373.9,3458.9,4915.0,526.3,255.6,270.7,4385.9,2234.0,2151.9,2369.0,1267.3,1101.7,5444.3,,,,,36.1,27.31,3.98,5.82,19.9,357497.3,177298.7,180198.6,1377.3,2.9,14.09,7745.1,36668.7,93.696
동대문구,2017,0,0,0,0,0,0,0,0,0,0,1,0,0,0,0,0,0,0,0,0,0,0,0,0,0,54030.0,15375.0,13536.0,9638.0,3941.0,5697.0,629.0,290.0,339.0,4713.0,2396.0,2317.0,2432.0,1322.0,1110.0,7707.0,,,,,33.0,29.31,4.0,2.94,24.29,357380.0,176460.0,180920.0,1380.0,2.6,15.12,8657.0,35637.0,97.645
동대문구,2018,0,0,0,0,0,0,0,0,0,0,1,0,0,0,0,0,0,0,0,0,0,0,0,0,0,55593.0,15399.0,13628.0,10703.0,4340.0,6363.0,622.0,292.0,330.0,5234.0,2609.0,2625.0,2329.0,1207.0,1122.0,7678.0,,,,,45.0,10.52,1.05,2.26,26.16,358141.0,176323.0,181818.0,1563.0,2.9,15.62,9010.0,34439.0,99.086
동대문구,2019,0,0,0,0,0,0,0,0,0,0,1,0,0,0,0,0,0,0,0,0,0,0,0,0,0,58152.0,15476.0,13715.0,11962.0,4890.0,7072.0,694.0,313.0,381.0,5628.0,2748.0,2880.0,2546.0,1403.0,1143.0,8131.0,,,,,40.0,21.13,8.1,16.97,28.64,355094.0,174161.0,180933.0,2559.0,4.6,16.7,9546.0,33326.0,99.466
동대문구,2020,0,0,0,0,0,0,0,0,0,0,1,0,0,0,0,0,0,0,0,0,0,0,0,0,0,60925.0,15076.0,13187.0,13025.0,5253.0,7772.0,775.0,364.0,411.0,6025.0,2922.0,3103.0,2230.0,1180.0,1050.0,10607.0,,,,,44.0,21.54,3.96,10.59,31.64,351057.0,171484.0,179573.0,2773.0,4.8,17.37,10076.0,31846.0,100.0
동대문구,2021,0,0,0,0,0,0,0,0,0,0,1,0,0,0,0,0,0,0,0,0,0,0,0,0,0,65290.0,15664.0,13187.0,14708.0,5844.0,8864.0,892.0,395.0,497.0,6404.0,3107.0,3297.0,2349.0,1255.0,1094.0,12086.0,,,,,47.0,17.27,3.22,8.31,35.68,348201.0,169409.0,178792.0,4365.0,7.2,18.39,10882.0,30495.0,102.5
동대문구,2022,0,0,0,0,0,0,0,0,0,0,1,0,0,0,0,0,0,0,0,0,0,0,0,0,0,68169.0,15912.0,13222.0,15455.0,6183.0,9272.0,983.0,427.0,556.0,6776.0,3289.0,3487.0,2462.0,1354.0,1108.0,13359.0,,,,,52.0,6.78,5.94,9.93,39.51,350709.0,169670.0,181039.0,2879.0,4.4,19.03,11646.0,29476.0,107.72
동대문구,2023,0,0,0,0,0,0,0,0,0,0,1,0,0,0,0,0,0,0,0,0,0,0,0,0,0,70959.0,15886.0,13059.0,16769.0,6711.0,10058.0,939.0,405.0,534.0,7179.0,3451.0,3728.0,2496.0,1335.0,1161.0,14631.0,,,,,43.0,7.31,2.76,6.19,42.89,355999.0,171927.0,184072.0,2790.0,4.1,20.21,12482.0,29103.0,111.59
동작구,2014,0,0,0,0,0,0,0,0,0,0,0,1,0,0,0,0,0,0,0,0,0,0,0,0,0,43218.8,13577.0,13053.2,5788.2,2122.0,3666.2,578.6,255.4,323.3,6073.1,2734.3,3338.8,1739.1,861.9,877.2,2409.6,64.7,371.7,458.6,63.4,9.4,9.79,12.07,28.14,7.55,410763.1,201147.4,209615.7,1620.9,3.9,10.76,5359.1,48694.6,89.257
동작구,2015,0,0,0,0,0,0,0,0,0,0,0,1,0,0,0,0,0,0,0,0,0,0,0,0,0,46726.9,14224.6,13698.6,6660.8,2451.6,4209.1,641.3,281.5,359.9,6832.0,3057.0,3775.0,1855.0,933.7,921.3,2814.6,234.9,479.4,546.5,285.0,9.9,11.91,10.91,25.78,10.36,407782.2,199332.8,208449.4,1862.4,4.1,11.7,5973.2,46881.7,91.477
동작구,2016,0,0,0,0,0,0,0,0,0,0,0,1,0,0,0,0,0,0,0,0,0,0,0,0,0,50235.0,14872.1,14344.0,7533.3,2781.3,4752.0,704.0,307.6,396.4,7591.0,3379.7,4211.3,1970.9,1005.6,965.3,3219.7,405.0,587.1,634.4,506.6,10.4,14.03,9.74,23.42,13.18,404801.3,197518.3,207283.0,2103.9,4.2,12.63,6587.3,45068.9,93.696
동작구,2017,0,0,0,0,0,0,0,0,0,0,0,1,0,0,0,0,0,0,0,0,0,0,0,0,0,54355.0,15623.0,14830.0,8778.0,3294.0,5484.0,761.0,332.0,429.0,8466.0,3773.0,4693.0,2055.0,1070.0,985.0,3842.0,575.0,625.0,673.0,653.0,9.0,14.75,7.25,16.6,16.98,400236.0,195253.0,204983.0,1401.0,2.6,14.15,7339.0,43210.0,97.645
동작구,2018,0,0,0,0,0,0,0,0,0,0,0,1,0,0,0,0,0,0,0,0,0,0,0,0,0,56872.0,16139.0,15438.0,9061.0,3335.0,5726.0,796.0,338.0,458.0,9050.0,4017.0,5033.0,2263.0,1166.0,1097.0,4125.0,714.0,792.0,804.0,919.0,13.0,16.87,9.24,19.8,18.69,397980.0,193713.0,204267.0,2517.0,4.6,14.21,7749.0,41455.0,99.086
동작구,2019,0,0,0,0,0,0,0,0,0,0,0,1,0,0,0,0,0,0,0,0,0,0,0,0,0,60088.0,16849.0,16373.0,9817.0,3629.0,6188.0,893.0,377.0,516.0,9721.0,4275.0,5446.0,2341.0,1247.0,1094.0,4094.0,880.0,955.0,942.0,1227.0,12.0,19.63,6.07,18.23,20.91,400368.0,194049.0,206319.0,3216.0,5.7,15.1,8337.0,39862.0,99.466
동작구,2020,0,0,0,0,0,0,0,0,0,0,0,1,0,0,0,0,0,0,0,0,0,0,0,0,0,64101.0,17447.0,17387.0,10460.0,3798.0,6662.0,1007.0,452.0,555.0,10688.0,4674.0,6014.0,2443.0,1267.0,1176.0,4669.0,1122.0,1095.0,1031.0,1476.0,13.0,23.18,5.81,20.06,23.73,392772.0,189611.0,203161.0,4013.0,6.7,16.01,8941.0,37675.0,100.0
동작구,2021,0,0,0,0,0,0,0,0,0,0,0,1,0,0,0,0,0,0,0,0,0,0,0,0,0,68231.0,17718.0,17584.0,12784.0,4859.0,7925.0,1033.0,450.0,583.0,11330.0,4924.0,6406.0,2450.0,1327.0,1123.0,5332.0,1359.0,1161.0,1085.0,1679.0,14.0,35.6,2.41,9.8,27.02,388094.0,187311.0,200783.0,4130.0,6.4,17.37,9711.0,35940.0,102.5
동작구,2022,0,0,0,0,0,0,0,0,0,0,0,1,0,0,0,0,0,0,0,0,0,0,0,0,0,71782.0,18973.0,18375.0,12872.0,4800.0,8072.0,1089.0,475.0,614.0,12259.0,5353.0,6906.0,2640.0,1448.0,1192.0,5574.0,1409.0,1225.0,1158.0,1839.0,15.0,21.23,3.15,8.46,30.41,386605.0,186536.0,200069.0,3551.0,5.2,18.5,10351.0,34036.0,107.72
동작구,2023,0,0,0,0,0,0,0,0,0,0,0,1,0,0,0,0,0,0,0,0,0,0,0,0,0,74443.0,19488.0,18492.0,13392.0,4984.0,8408.0,1104.0,460.0,644.0,12874.0,5678.0,7196.0,2849.0,1526.0,1323.0,6244.0,1540.0,1273.0,1210.0,1957.0,12.0,26.3,1.66,4.96,33.43,384089.0,185348.0,198741.0,2661.0,3.7,19.26,10878.0,32543.0,111.59
마포구,2014,0,0,0,0,0,0,0,0,0,0,0,0,1,0,0,0,0,0,0,0,0,0,0,0,0,44356.9,9615.3,11083.9,6737.1,2582.0,4155.1,487.7,207.1,280.6,7926.0,3173.5,4752.5,1832.2,938.4,893.8,6674.6,201.9,386.4,359.3,212.8,11.0,39.62,12.0,20.94,8.01,374005.3,179500.6,194504.7,1417.6,3.2,12.07,5142.5,48973.2,89.257
마포구,2015,0,0,0,0,0,0,0,0,0,0,0,0,1,0,0,0,0,0,0,0,0,0,0,0,0,47505.1,9742.6,11000.7,7865.9,2990.6,4875.3,529.9,224.1,305.9,8953.3,3647.9,5305.4,1813.7,928.1,885.6,7599.0,320.8,467.4,447.1,373.9,11.6,37.96,11.12,19.29,10.09,372645.9,178204.4,194441.5,1627.3,3.4,12.94,5581.9,47249.8,91.477
마포구,2016,0,0,0,0,0,0,0,0,0,0,0,0,1,0,0,0,0,0,0,0,0,0,0,0,0,50653.3,9869.9,10917.6,8994.6,3399.1,5595.4,572.1,241.0,331.1,9980.6,4122.3,5858.3,1795.1,917.7,877.4,8523.4,439.6,548.4,534.9,535.0,12.1,36.31,10.24,17.65,12.17,371286.4,176908.1,194378.3,1837.0,3.6,13.81,6021.3,45526.4,93.696
마포구,2017,0,0,0,0,0,0,0,0,0,0,0,0,1,0,0,0,0,0,0,0,0,0,0,0,0,54162.0,10072.0,10877.0,10832.0,4151.0,6681.0,648.0,261.0,387.0,11287.0,4744.0,6543.0,1820.0,949.0,871.0,8626.0,556.0,600.0,592.0,665.0,11.0,25.11,9.44,17.06,15.25,368841.0,175326.0,193515.0,780.0,1.5,14.67,6646.0,43580.0,97.645
마포구,2018,0,0,0,0,0,0,0,0,0,0,0,0,1,0,0,0,0,0,0,0,0,0,0,0,0,56837.0,10135.0,10627.0,11018.0,4092.0,6926.0,663.0,275.0,388.0,11909.0,5035.0,6874.0,1765.0,898.0,867.0,10720.0,660.0,725.0,712.0,817.0,15.0,53.43,9.99,15.29,16.38,368181.0,174194.0,193987.0,2675.0,4.9,15.55,6900.0,42132.0,99.086
마포구,2019,0,0,0,0,0,0,0,0,0,0,0,0,1,0,0,0,0,0,0,0,0,0,0,0,0,59248.0,10167.0,10760.0,11753.0,4369.0,7384.0,649.0,275.0,374.0,12595.0,5285.0,7310.0,1719.0,853.0,866.0,11605.0,782.0,811.0,801.0,1028.0,13.0,37.92,6.33,10.91,17.67,369327.0,173893.0,195434.0,2411.0,4.2,16.09,7147.0,40457.0,99.466
마포구,2020,0,0,0,0,0,0,0,0,0,0,0,0,1,0,0,0,0,0,0,0,0,0,0,0,0,63172.0,10355.0,10625.0,12980.0,4765.0,8215.0,709.0,313.0,396.0,14010.0,5942.0,8068.0,1729.0,869.0,860.0,12764.0,921.0,875.0,924.0,1223.0,15.0,16.01,5.8,9.19,19.75,365612.0,171161.0,194451.0,3924.0,6.6,17.43,7636.0,38669.0,100.0
마포구,2021,0,0,0,0,0,0,0,0,0,0,0,0,1,0,0,0,0,0,0,0,0,0,0,0,0,67162.0,10475.0,10436.0,15028.0,5578.0,9450.0,808.0,339.0,469.0,15487.0,6698.0,8789.0,1644.0,850.0,794.0,13284.0,1108.0,961.0,1012.0,1405.0,16.0,14.77,4.42,8.69,22.13,365192.0,170867.0,194325.0,3990.0,6.3,18.58,8249.0,37283.0,102.5
마포구,2022,0,0,0,0,0,0,0,0,0,0,0,0,1,0,0,0,0,0,0,0,0,0,0,0,0,70030.0,10605.0,10429.0,16004.0,5969.0,10035.0,837.0,351.0,486.0,16469.0,7133.0,9336.0,1564.0,789.0,775.0,14122.0,1142.0,1039.0,1036.0,1591.0,17.0,22.55,7.74,11.04,24.81,362408.0,168768.0,193640.0,2868.0,4.3,19.18,8683.0,35004.0,107.72
마포구,2023,0,0,0,0,0,0,0,0,0,0,0,0,1,0,0,0,0,0,0,0,0,0,0,0,0,72112.0,10844.0,10341.0,16951.0,6310.0,10641.0,873.0,347.0,526.0,16871.0,7302.0,9569.0,1806.0,926.0,880.0,14426.0,1235.0,1097.0,1125.0,1527.0,14.0,37.94,3.37,5.27,27.6,361380.0,167854.0,193526.0,2082.0,3.0,19.55,9191.0,33305.0,111.59
서대문구,2014,0,0,0,0,0,0,0,0,0,0,0,0,0,1,0,0,0,0,0,0,0,0,0,0,0,36056.8,9388.6,11962.8,4897.6,1808.4,3089.2,794.2,294.6,499.6,5166.4,2236.7,2929.7,1291.0,564.4,726.6,2556.1,32.2,291.8,450.6,-170.1,9.9,28.62,7.97,16.36,13.4,320587.1,152497.1,168090.1,381.9,1.5,11.52,5380.1,35663.6,89.257
서대문구,2015,0,0,0,0,0,0,0,0,0,0,0,0,0,1,0,0,0,0,0,0,0,0,0,0,0,38327.7,9539.4,11922.5,5781.0,2132.4,3648.6,860.4,323.1,537.3,5822.5,2513.4,3309.1,1332.1,596.3,735.9,3069.7,182.3,381.6,519.0,78.3,10.5,28.01,7.39,15.16,15.6,320247.5,151824.2,168423.3,624.8,1.9,12.2,5832.4,34831.1,91.477
서대문구,2016,0,0,0,0,0,0,0,0,0,0,0,0,0,1,0,0,0,0,0,0,0,0,0,0,0,40598.6,9690.3,11882.1,6664.4,2456.4,4208.0,926.6,351.6,575.0,6478.6,2790.1,3688.4,1373.3,628.1,745.1,3583.3,332.4,471.4,587.4,326.7,11.0,27.4,6.82,13.96,17.81,319907.9,151151.3,168756.6,867.6,2.2,12.88,6284.6,33998.6,93.696
서대문구,2017,0,0,0,0,0,0,0,0,0,0,0,0,0,1,0,0,0,0,0,0,0,0,0,0,0,43418.0,9866.0,11722.0,7917.0,2904.0,5013.0,1006.0,383.0,623.0,7135.0,3054.0,4081.0,1390.0,649.0,741.0,4382.0,501.0,532.0,628.0,602.0,10.0,27.29,6.25,11.16,20.79,321345.0,151132.0,170213.0,120.0,0.3,13.69,6930.0,33339.0,97.645
서대문구,2018,0,0,0,0,0,0,0,0,0,0,0,0,0,1,0,0,0,0,0,0,0,0,0,0,0,44795.0,10025.0,11743.0,8261.0,3048.0,5213.0,1075.0,410.0,665.0,7608.0,3261.0,4347.0,1499.0,733.0,766.0,4584.0,609.0,635.0,729.0,821.0,14.0,25.24,5.12,9.07,22.14,318874.0,149438.0,169436.0,1377.0,3.2,14.07,7136.0,32236.0,99.086
서대문구,2019,0,0,0,0,0,0,0,0,0,0,0,0,0,1,0,0,0,0,0,0,0,0,0,0,0,46449.0,10037.0,11622.0,8957.0,3239.0,5718.0,1104.0,440.0,664.0,8507.0,3670.0,4837.0,1514.0,694.0,820.0,4708.0,751.0,734.0,802.0,1037.0,12.0,22.52,5.28,11.83,24.09,319394.0,149113.0,170281.0,1654.0,3.7,14.77,7517.0,31201.0,99.466
서대문구,2020,0,0,0,0,0,0,0,0,0,0,0,0,0,1,0,0,0,0,0,0,0,0,0,0,0,49863.0,10227.0,12295.0,10144.0,3790.0,6354.0,1141.0,439.0,702.0,9178.0,3882.0,5296.0,1426.0,694.0,732.0,5452.0,922.0,901.0,874.0,1257.0,13.0,24.16,4.15,11.92,25.58,317209.0,148696.0,168513.0,3414.0,7.3,15.61,7954.0,31090.0,100.0
서대문구,2021,0,0,0,0,0,0,0,0,0,0,0,0,0,1,0,0,0,0,0,0,0,0,0,0,0,52792.0,10559.0,11744.0,11148.0,4156.0,6992.0,1303.0,514.0,789.0,9954.0,4311.0,5643.0,1693.0,882.0,811.0,6391.0,1150.0,961.0,970.0,1643.0,14.0,38.13,6.73,13.87,29.01,314547.0,146558.0,167989.0,2929.0,5.9,16.56,8545.0,29460.0,102.5
서대문구,2022,0,0,0,0,0,0,0,0,0,0,0,0,0,1,0,0,0,0,0,0,0,0,0,0,0,54288.0,10676.0,11359.0,12060.0,4427.0,7633.0,1308.0,526.0,782.0,10470.0,4512.0,5958.0,1588.0,794.0,794.0,6827.0,1266.0,1002.0,983.0,1849.0,16.0,12.25,0.92,2.99,30.95,318308.0,146857.0,171451.0,1496.0,2.8,16.89,9020.0,29142.0,107.72
서대문구,2023,0,0,0,0,0,0,0,0,0,0,0,0,0,1,0,0,0,0,0,0,0,0,0,0,0,56170.0,10666.0,11561.0,12899.0,4703.0,8196.0,1402.0,547.0,855.0,10868.0,4589.0,6279.0,1655.0,843.0,812.0,7119.0,1331.0,1050.0,1041.0,2033.0,13.0,25.03,3.21,3.35,33.86,320168.0,147424.0,172744.0,1882.0,3.5,17.54,9552.0,28212.0,111.59
서초구,2014,0,0,0,0,0,0,0,0,0,0,0,0,0,0,1,0,0,0,0,0,0,0,0,0,0,35202.3,6398.6,7982.7,9122.6,3298.8,5823.8,560.6,216.9,343.7,5622.8,2366.4,3256.4,1533.1,800.8,732.3,3982.0,-22.9,183.6,151.8,127.9,5.4,35.89,0.89,1.8,3.85,431598.6,207041.7,224556.9,1225.6,3.6,8.24,3435.4,68120.7,89.257
서초구,2015,0,0,0,0,0,0,0,0,0,0,0,0,0,0,1,0,0,0,0,0,0,0,0,0,0,36689.6,6336.3,7773.5,9685.2,3507.5,6177.8,601.1,230.9,370.3,6265.7,2666.1,3599.6,1514.2,791.7,722.5,4513.6,89.4,242.3,203.1,215.4,5.9,33.88,1.27,2.48,5.08,426129.8,204315.1,221814.7,1269.0,3.6,8.72,3904.1,66165.1,91.477
서초구,2016,0,0,0,0,0,0,0,0,0,0,0,0,0,0,1,0,0,0,0,0,0,0,0,0,0,38176.9,6274.0,7564.3,10247.9,3716.1,6531.7,641.7,244.9,396.9,6908.6,2965.9,3942.7,1495.3,782.6,712.7,5045.1,201.6,300.9,254.4,303.0,6.3,31.86,1.65,3.16,6.32,420661.0,201588.4,219072.6,1312.3,3.5,9.19,4372.7,64209.4,93.696
서초구,2017,0,0,0,0,0,0,0,0,0,0,0,0,0,0,1,0,0,0,0,0,0,0,0,0,0,39702.0,6259.0,7279.0,10883.0,3974.0,6909.0,689.0,267.0,422.0,7639.0,3265.0,4374.0,1494.0,778.0,716.0,5459.0,329.0,332.0,291.0,351.0,6.0,39.55,1.59,1.4,8.08,414550.0,198241.0,216309.0,1345.0,3.5,9.58,5011.0,62043.0,97.645
서초구,2018,0,0,0,0,0,0,0,0,0,0,0,0,0,0,1,0,0,0,0,0,0,0,0,0,0,41137.0,6110.0,7092.0,11547.0,4176.0,7371.0,740.0,280.0,460.0,8131.0,3585.0,4546.0,1470.0,767.0,703.0,6047.0,416.0,424.0,371.0,485.0,8.0,34.63,1.3,1.61,8.79,409491.0,196064.0,213427.0,1435.0,3.6,10.05,5290.0,60202.0,99.086
서초구,2019,0,0,0,0,0,0,0,0,0,0,0,0,0,0,1,0,0,0,0,0,0,0,0,0,0,42667.0,6120.0,6981.0,11957.0,4352.0,7605.0,736.0,263.0,473.0,8744.0,3830.0,4914.0,1425.0,763.0,662.0,6704.0,528.0,493.0,415.0,601.0,7.0,11.74,3.84,8.76,9.6,404960.0,194195.0,210765.0,1530.0,3.7,10.54,5602.0,58340.0,99.466
서초구,2020,0,0,0,0,0,0,0,0,0,0,0,0,0,0,1,0,0,0,0,0,0,0,0,0,0,43942.0,6010.0,7044.0,11984.0,4343.0,7641.0,788.0,297.0,491.0,9440.0,4136.0,5304.0,1396.0,718.0,678.0,7280.0,654.0,565.0,451.0,664.0,8.0,13.18,3.49,8.77,10.83,401749.0,192081.0,209668.0,1275.0,3.0,11.2,6170.0,56954.0,100.0
서초구,2021,0,0,0,0,0,0,0,0,0,0,0,0,0,0,1,0,0,0,0,0,0,0,0,0,0,45933.0,5913.0,6427.0,13173.0,4807.0,8366.0,860.0,333.0,527.0,10237.0,4505.0,5732.0,1405.0,762.0,643.0,7918.0,759.0,584.0,528.0,758.0,9.0,18.79,4.32,10.07,12.32,392302.0,187435.0,204867.0,1991.0,4.5,11.99,6743.0,54730.0,102.5
서초구,2022,0,0,0,0,0,0,0,0,0,0,0,0,0,0,1,0,0,0,0,0,0,0,0,0,0,46745.0,5826.0,6090.0,13554.0,4950.0,8604.0,886.0,315.0,571.0,10823.0,4816.0,6007.0,1331.0,691.0,640.0,8235.0,871.0,653.0,547.0,824.0,10.0,21.62,5.5,6.72,13.77,383181.0,183006.0,200175.0,812.0,1.8,12.13,7151.0,51932.0,107.72
서초구,2023,0,0,0,0,0,0,0,0,0,0,0,0,0,0,1,0,0,0,0,0,0,0,0,0,0,48756.0,5936.0,6179.0,14391.0,5254.0,9137.0,929.0,351.0,578.0,11347.0,5017.0,6330.0,1417.0,744.0,673.0,8557.0,996.0,696.0,615.0,890.0,8.0,27.05,2.19,3.93,15.37,385267.0,183751.0,201516.0,2011.0,4.3,12.14,7764.0,50507.0,111.59
성동구,2014,0,0,0,0,0,0,0,0,0,0,0,0,0,0,0,1,0,0,0,0,0,0,0,0,0,34291.4,10433.7,8546.7,8406.9,3396.0,5010.9,173.9,61.5,112.4,2260.6,1135.4,1125.2,1382.9,738.3,644.6,3086.6,113.9,337.9,364.8,78.1,9.1,44.13,10.13,13.95,7.51,321707.6,159608.4,162099.3,1530.6,4.6,10.33,4237.3,38672.9,89.257
성동구,2015,0,0,0,0,0,0,0,0,0,0,0,0,0,0,0,1,0,0,0,0,0,0,0,0,0,35801.2,10494.0,8534.9,9158.0,3657.4,5500.6,199.8,74.3,125.4,2499.0,1237.1,1262.0,1433.5,773.7,659.8,3482.0,244.7,412.6,435.5,251.3,9.6,45.06,9.3,13.28,10.17,316829.0,156789.0,160040.1,1538.3,4.4,11.09,4669.4,37190.5,91.477
성동구,2016,0,0,0,0,0,0,0,0,0,0,0,0,0,0,0,1,0,0,0,0,0,0,0,0,0,37311.0,10554.3,8523.1,9909.1,3918.7,5990.4,225.6,87.1,138.4,2737.4,1338.7,1398.7,1484.1,809.1,675.0,3877.3,375.6,487.3,506.3,424.4,10.0,46.0,8.47,12.62,12.83,311950.4,153969.6,157980.9,1546.0,4.3,11.84,5101.6,35708.1,93.696
성동구,2017,0,0,0,0,0,0,0,0,0,0,0,0,0,0,0,1,0,0,0,0,0,0,0,0,0,39067.0,10794.0,8389.0,10705.0,4285.0,6420.0,256.0,96.0,160.0,3006.0,1458.0,1548.0,1539.0,875.0,664.0,4378.0,527.0,526.0,530.0,550.0,9.0,41.01,8.27,11.26,16.73,302367.0,149060.0,153307.0,1993.0,5.4,12.92,5642.0,33732.0,97.645
성동구,2018,0,0,0,0,0,0,0,0,0,0,0,0,0,0,0,1,0,0,0,0,0,0,0,0,0,40706.0,10757.0,8817.0,11160.0,4333.0,6827.0,305.0,130.0,175.0,3319.0,1620.0,1699.0,1620.0,898.0,722.0,4728.0,631.0,637.0,630.0,804.0,12.0,65.3,6.17,11.46,18.07,306796.0,150623.0,156173.0,1639.0,4.2,13.27,6006.0,33238.0,99.086
성동구,2019,0,0,0,0,0,0,0,0,0,0,0,0,0,0,0,1,0,0,0,0,0,0,0,0,0,41488.0,10639.0,8370.0,12167.0,4630.0,7537.0,284.0,118.0,166.0,3455.0,1607.0,1848.0,1572.0,858.0,714.0,5001.0,737.0,731.0,730.0,945.0,11.0,39.38,5.61,9.77,19.95,299688.0,146630.0,153058.0,782.0,1.9,13.84,6296.0,31559.0,99.466
성동구,2020,0,0,0,0,0,0,0,0,0,0,0,0,0,0,0,1,0,0,0,0,0,0,0,0,0,42585.0,10461.0,8330.0,13018.0,4907.0,8111.0,300.0,124.0,176.0,3580.0,1695.0,1885.0,1661.0,918.0,743.0,5235.0,883.0,820.0,850.0,1143.0,12.0,50.85,5.66,11.76,22.61,291918.0,142128.0,149790.0,1097.0,2.6,14.59,6685.0,29566.0,100.0
성동구,2021,0,0,0,0,0,0,0,0,0,0,0,0,0,0,0,1,0,0,0,0,0,0,0,0,0,44946.0,10766.0,8516.0,13956.0,5403.0,8553.0,342.0,143.0,199.0,3805.0,1785.0,2020.0,1806.0,1024.0,782.0,5755.0,1062.0,882.0,941.0,1308.0,13.0,33.57,3.31,8.29,25.64,286469.0,139181.0,147288.0,2361.0,5.5,15.69,7236.0,28220.0,102.5
성동구,2022,0,0,0,0,0,0,0,0,0,0,0,0,0,0,0,1,0,0,0,0,0,0,0,0,0,46548.0,10996.0,8405.0,14492.0,5507.0,8985.0,402.0,192.0,210.0,4035.0,1874.0,2161.0,1784.0,1002.0,782.0,6434.0,1177.0,926.0,912.0,1466.0,14.0,68.5,4.98,12.04,28.77,282131.0,136734.0,145397.0,1602.0,3.6,16.76,7740.0,26903.0,107.72
성동구,2023,0,0,0,0,0,0,0,0,0,0,0,0,0,0,0,1,0,0,0,0,0,0,0,0,0,48111.0,11155.0,8505.0,14898.0,5684.0,9214.0,413.0,166.0,247.0,4637.0,2178.0,2459.0,1824.0,1081.0,743.0,6679.0,1276.0,980.0,932.0,1604.0,11.0,49.53,2.09,5.17,32.52,277683.0,134488.0,143195.0,1563.0,3.4,17.05,8206.0,25233.0,111.59
성북구,2014,0,0,0,0,0,0,0,0,0,0,0,0,0,0,0,0,1,0,0,0,0,0,0,0,0,45145.1,12709.1,14394.6,6647.3,2548.4,4098.9,714.7,287.3,427.4,4340.9,1874.6,2466.3,2823.5,1357.9,1465.6,3515.1,209.4,558.7,759.5,143.1,10.9,30.43,7.65,13.71,8.89,450262.9,219322.4,230940.6,247.2,0.9,10.35,6651.8,57545.7,89.257
성북구,2015,0,0,0,0,0,0,0,0,0,0,0,0,0,0,0,0,1,0,0,0,0,0,0,0,0,47860.9,12915.3,14540.0,7762.0,2966.8,4795.2,830.6,339.1,491.4,5169.9,2228.3,2941.6,2802.2,1346.3,1455.9,3840.9,406.9,668.7,836.6,412.0,11.5,29.53,7.31,13.27,11.35,448381.2,217762.9,230618.3,563.9,1.4,10.96,7337.3,55682.2,91.477
성북구,2016,0,0,0,0,0,0,0,0,0,0,0,0,0,0,0,0,1,0,0,0,0,0,0,0,0,50576.6,13121.4,14685.3,8876.7,3385.1,5491.6,946.4,391.0,555.4,5999.0,2582.0,3417.0,2781.0,1334.7,1446.3,4166.7,604.4,778.7,913.7,680.9,12.0,28.62,6.97,12.83,13.8,446499.4,216203.4,230296.0,880.6,1.8,11.57,8022.7,53818.7,93.696
성북구,2017,0,0,0,0,0,0,0,0,0,0,0,0,0,0,0,0,1,0,0,0,0,0,0,0,0,54243.0,13503.0,14921.0,10249.0,3938.0,6311.0,1131.0,484.0,647.0,6953.0,2983.0,3970.0,2765.0,1329.0,1436.0,4721.0,828.0,927.0,948.0,936.0,11.0,20.95,6.04,14.46,17.24,445417.0,215068.0,230349.0,126.0,0.2,12.44,9026.0,52354.0,97.645
성북구,2018,0,0,0,0,0,0,0,0,0,0,0,0,0,0,0,0,1,0,0,0,0,0,0,0,0,55136.0,13442.0,14885.0,10703.0,3993.0,6710.0,1140.0,476.0,664.0,7457.0,3236.0,4221.0,2724.0,1283.0,1441.0,4785.0,985.0,981.0,1078.0,1198.0,15.0,19.52,5.52,9.89,19.03,438734.0,211204.0,227530.0,893.0,1.6,12.38,9395.0,49379.0,99.086
성북구,2019,0,0,0,0,0,0,0,0,0,0,0,0,0,0,0,0,1,0,0,0,0,0,0,0,0,57832.0,13702.0,14891.0,12168.0,4678.0,7490.0,1206.0,490.0,716.0,8305.0,3548.0,4757.0,2817.0,1382.0,1435.0,4743.0,1156.0,1095.0,1160.0,1516.0,13.0,29.75,9.6,11.54,20.2,445327.0,213832.0,231495.0,2696.0,4.9,13.18,9810.0,48562.0,99.466
성북구,2020,0,0,0,0,0,0,0,0,0,0,0,0,0,0,0,0,1,0,0,0,0,0,0,0,0,61510.0,13717.0,15553.0,13300.0,5014.0,8286.0,1447.0,601.0,846.0,9417.0,4037.0,5380.0,2567.0,1216.0,1351.0,5509.0,1378.0,1215.0,1261.0,1741.0,14.0,49.61,4.9,12.54,22.78,438833.0,209682.0,229151.0,3678.0,6.4,14.21,10514.0,46162.0,100.0
성북구,2021,0,0,0,0,0,0,0,0,0,0,0,0,0,0,0,0,1,0,0,0,0,0,0,0,0,64985.0,14248.0,15448.0,14684.0,5554.0,9130.0,1560.0,694.0,866.0,10436.0,4463.0,5973.0,2714.0,1286.0,1428.0,5895.0,1660.0,1287.0,1334.0,2072.0,15.0,20.59,4.1,9.51,25.49,435509.0,207428.0,228081.0,3475.0,5.6,14.81,11365.0,44582.0,102.5
성북구,2022,0,0,0,0,0,0,0,0,0,0,0,0,0,0,0,0,1,0,0,0,0,0,0,0,0,67222.0,14413.0,15459.0,15886.0,6061.0,9825.0,1592.0,680.0,912.0,11061.0,4723.0,6338.0,2604.0,1242.0,1362.0,6207.0,1784.0,1447.0,1337.0,2317.0,17.0,18.3,1.98,5.84,28.47,436113.0,207284.0,228829.0,2237.0,3.4,15.44,12220.0,42920.0,107.72
성북구,2023,0,0,0,0,0,0,0,0,0,0,0,0,0,0,0,0,1,0,0,0,0,0,0,0,0,69148.0,14598.0,15709.0,16359.0,6172.0,10187.0,1793.0,764.0,1029.0,11578.0,4988.0,6590.0,2681.0,1280.0,1401.0,6430.0,1971.0,1579.0,1437.0,2514.0,14.0,16.4,7.03,13.73,32.08,432874.0,205261.0,227613.0,1926.0,2.9,15.53,13022.0,40594.0,111.59
송파구,2014,0,0,0,0,0,0,0,0,0,0,0,0,0,0,0,0,0,1,0,0,0,0,0,0,0,44821.1,7548.7,7679.9,8344.1,3002.4,5341.8,465.4,157.6,307.9,13235.6,5735.6,7499.9,1658.9,867.0,791.9,5888.4,-199.1,121.7,131.4,-68.4,12.9,34.05,7.27,17.24,3.78,643959.6,314173.2,329786.4,5092.0,10.4,6.97,4688.4,91238.6,89.257
송파구,2015,0,0,0,0,0,0,0,0,0,0,0,0,0,0,0,0,0,1,0,0,0,0,0,0,0,49582.5,7730.8,7743.5,9555.1,3434.8,6120.3,518.7,182.4,336.3,15129.7,6584.5,8545.2,1717.7,908.6,809.1,7187.1,67.2,293.5,276.3,177.8,13.7,31.62,6.54,15.56,5.58,642948.0,313122.9,329825.1,5022.6,9.8,7.72,5806.2,89243.2,91.477
송파구,2016,0,0,0,0,0,0,0,0,0,0,0,0,0,0,0,0,0,1,0,0,0,0,0,0,0,54344.0,7912.9,7807.0,10766.0,3867.1,6898.9,572.0,207.3,364.7,17023.9,7433.4,9590.4,1776.6,950.3,826.3,8485.7,333.6,465.3,421.1,424.0,14.4,29.18,5.81,13.88,7.37,641936.4,312072.6,329863.9,4953.3,9.2,8.48,6924.0,87247.9,93.696
송파구,2017,0,0,0,0,0,0,0,0,0,0,0,0,0,0,0,0,0,1,0,0,0,0,0,0,0,58848.0,8253.0,7961.0,12221.0,4391.0,7830.0,631.0,233.0,398.0,18785.0,8229.0,10556.0,1851.0,989.0,862.0,9146.0,629.0,594.0,523.0,585.0,13.0,21.86,5.01,10.04,9.95,633953.0,307723.0,326230.0,4439.0,8.2,9.22,8433.0,84755.0,97.645
송파구,2018,0,0,0,0,0,0,0,0,0,0,0,0,0,0,0,0,0,1,0,0,0,0,0,0,0,63451.0,8089.0,7823.0,13129.0,4754.0,8375.0,659.0,257.0,402.0,20698.0,9100.0,11598.0,1835.0,991.0,844.0,11218.0,865.0,777.0,737.0,918.0,18.0,35.55,4.22,12.26,10.97,638167.0,309442.0,328725.0,4603.0,7.8,9.78,9057.0,82584.0,99.086
송파구,2019,0,0,0,0,0,0,0,0,0,0,0,0,0,0,0,0,0,1,0,0,0,0,0,0,0,68861.0,8457.0,7888.0,14509.0,5235.0,9274.0,723.0,266.0,457.0,22867.0,10063.0,12804.0,1962.0,1088.0,874.0,12455.0,1069.0,1011.0,878.0,1212.0,16.0,10.55,4.56,9.77,12.18,648600.0,313725.0,334875.0,5410.0,8.5,10.86,10026.0,82343.0,99.466
송파구,2020,0,0,0,0,0,0,0,0,0,0,0,0,0,0,0,0,0,1,0,0,0,0,0,0,0,73694.0,8672.0,8180.0,14937.0,5275.0,9662.0,820.0,326.0,494.0,24852.0,10871.0,13981.0,2036.0,1132.0,904.0,14197.0,1377.0,1218.0,987.0,1462.0,18.0,20.68,2.33,7.26,13.93,643288.0,309802.0,333486.0,4833.0,7.0,11.61,11115.0,79805.0,100.0
송파구,2021,0,0,0,0,0,0,0,0,0,0,0,0,0,0,0,0,0,1,0,0,0,0,0,0,0,79262.0,8767.0,8205.0,16877.0,6003.0,10874.0,831.0,328.0,503.0,26609.0,11741.0,14868.0,2136.0,1232.0,904.0,15837.0,1729.0,1385.0,1185.0,1735.0,19.0,21.94,1.9,6.06,16.16,634720.0,305449.0,329271.0,5568.0,7.6,12.47,12495.0,77329.0,102.5
송파구,2022,0,0,0,0,0,0,0,0,0,0,0,0,0,0,0,0,0,1,0,0,0,0,0,0,0,82473.0,9025.0,8122.0,18326.0,6537.0,11789.0,901.0,364.0,537.0,28131.0,12419.0,15712.0,2095.0,1187.0,908.0,15873.0,1957.0,1474.0,1290.0,1888.0,21.0,19.66,1.01,2.68,18.1,635758.0,305954.0,329804.0,3211.0,4.1,13.08,13680.0,75568.0,107.72
송파구,2023,0,0,0,0,0,0,0,0,0,0,0,0,0,0,0,0,0,1,0,0,0,0,0,0,0,87140.0,9225.0,8249.0,19269.0,6982.0,12287.0,931.0,373.0,558.0,30261.0,13380.0,16881.0,2169.0,1199.0,970.0,17036.0,2167.0,1608.0,1404.0,2062.0,17.0,5.96,1.23,1.96,20.64,630744.0,303004.0,327740.0,4667.0,5.7,13.55,14961.0,72480.0,111.59
양천구,2014,0,0,0,0,0,0,0,0,0,0,0,0,0,0,0,0,0,0,1,0,0,0,0,0,0,24591.0,6000.8,5437.4,5758.4,2132.3,3626.1,493.3,170.6,322.7,4313.3,1806.1,2507.1,530.2,281.1,249.1,2057.6,-65.6,170.9,378.9,-110.0,14.0,5.98,11.31,28.13,3.79,465773.0,230239.6,235533.4,253.1,1.8,5.68,4392.9,68715.6,89.257
양천구,2015,0,0,0,0,0,0,0,0,0,0,0,0,0,0,0,0,0,0,1,0,0,0,0,0,0,27129.5,6139.3,5507.1,6681.8,2471.4,4210.3,543.9,194.4,349.5,5439.3,2310.1,3129.2,543.8,288.1,255.6,2274.5,178.7,349.5,510.3,193.4,14.9,10.68,10.33,26.25,6.2,460994.8,227551.5,233443.3,549.7,2.4,6.25,5318.6,66544.0,91.477
양천구,2016,0,0,0,0,0,0,0,0,0,0,0,0,0,0,0,0,0,0,1,0,0,0,0,0,0,29668.0,6277.7,5576.7,7605.1,2810.6,4794.6,594.4,218.1,376.3,6565.3,2814.0,3751.3,557.3,295.1,262.1,2491.4,423.0,528.0,641.7,496.7,15.7,15.38,9.35,24.37,8.61,456216.6,224863.4,231353.1,846.3,3.0,6.82,6244.3,64372.4,93.696
양천구,2017,0,0,0,0,0,0,0,0,0,0,0,0,0,0,0,0,0,0,1,0,0,0,0,0,0,33088.0,6580.0,5859.0,8770.0,3223.0,5547.0,640.0,250.0,390.0,7865.0,3421.0,4444.0,573.0,290.0,283.0,2801.0,685.0,676.0,697.0,740.0,14.0,18.24,8.32,20.69,12.06,452111.0,222503.0,229608.0,210.0,0.6,7.51,7490.0,62121.0,97.645
양천구,2018,0,0,0,0,0,0,0,0,0,0,0,0,0,0,0,0,0,0,1,0,0,0,0,0,0,34304.0,6487.0,5610.0,9315.0,3413.0,5902.0,711.0,268.0,443.0,8716.0,3790.0,4926.0,594.0,323.0,271.0,2871.0,892.0,873.0,922.0,1081.0,20.0,25.76,6.39,16.96,13.45,445591.0,218975.0,226616.0,1216.0,3.7,7.59,8041.0,59776.0,99.086
양천구,2019,0,0,0,0,0,0,0,0,0,0,0,0,0,0,0,0,0,0,1,0,0,0,0,0,0,36345.0,6620.0,5688.0,9976.0,3645.0,6331.0,722.0,268.0,454.0,9695.0,4219.0,5476.0,588.0,307.0,281.0,3056.0,1121.0,1069.0,1077.0,1488.0,18.0,27.59,7.86,20.83,15.21,440354.0,216078.0,224276.0,2041.0,5.9,8.61,8755.0,57546.0,99.466
양천구,2020,0,0,0,0,0,0,0,0,0,0,0,0,0,0,0,0,0,0,1,0,0,0,0,0,0,39436.0,6705.0,5721.0,11295.0,4218.0,7077.0,810.0,313.0,497.0,10983.0,4753.0,6230.0,600.0,330.0,270.0,3322.0,1404.0,1288.0,1213.0,1758.0,19.0,34.1,5.91,24.52,17.34,439068.0,214978.0,224090.0,3091.0,8.5,9.24,9776.0,56367.0,100.0
양천구,2021,0,0,0,0,0,0,0,0,0,0,0,0,0,0,0,0,0,0,1,0,0,0,0,0,0,42973.0,6955.0,5902.0,12536.0,4733.0,7803.0,857.0,350.0,507.0,12444.0,5369.0,7075.0,616.0,332.0,284.0,3663.0,1716.0,1470.0,1346.0,2035.0,21.0,37.6,3.6,14.69,19.99,433373.0,211970.0,221403.0,3537.0,9.0,9.92,10819.0,54121.0,102.5
양천구,2022,0,0,0,0,0,0,0,0,0,0,0,0,0,0,0,0,0,0,1,0,0,0,0,0,0,45502.0,7166.0,6088.0,13362.0,4911.0,8451.0,888.0,362.0,526.0,13540.0,5965.0,7575.0,669.0,353.0,316.0,3789.0,1867.0,1585.0,1403.0,2278.0,23.0,60.37,3.07,11.37,23.17,426981.0,208521.0,218460.0,2529.0,5.9,10.36,11837.0,51078.0,107.72
양천구,2023,0,0,0,0,0,0,0,0,0,0,0,0,0,0,0,0,0,0,1,0,0,0,0,0,0,47106.0,7308.0,6119.0,13837.0,5027.0,8810.0,949.0,382.0,567.0,14242.0,6291.0,7951.0,640.0,327.0,313.0,4011.0,2117.0,1734.0,1513.0,2591.0,19.0,35.73,2.79,8.92,26.46,422248.0,205753.0,216495.0,1604.0,3.5,10.57,12911.0,48793.0,111.59
영등포구,2014,0,0,0,0,0,0,0,0,0,0,0,0,0,0,0,0,0,0,0,1,0,0,0,0,0,35616.3,8457.8,8307.5,6880.8,3034.2,3846.6,155.5,52.3,103.2,1881.2,1098.4,782.9,1235.2,617.8,617.4,8698.3,244.4,310.6,442.1,52.6,19.6,60.02,4.88,8.01,11.94,389649.2,196937.1,192712.1,1613.0,4.8,8.8,5620.6,41600.9,89.257
영등포구,2015,0,0,0,0,0,0,0,0,0,0,0,0,0,0,0,0,0,0,0,1,0,0,0,0,0,40358.9,8796.6,8514.2,8010.4,3480.3,4530.1,197.0,71.6,125.3,2604.3,1442.6,1161.7,1348.0,691.3,656.6,10888.5,403.4,429.8,517.8,233.3,20.6,55.27,4.72,7.8,14.17,391181.0,197187.9,193993.1,2021.4,5.1,10.01,6216.1,40769.3,91.477
영등포구,2016,0,0,0,0,0,0,0,0,0,0,0,0,0,0,0,0,0,0,0,1,0,0,0,0,0,45101.6,9135.4,8720.9,9140.0,3926.4,5213.6,238.4,91.0,147.4,3327.4,1786.9,1540.6,1460.7,764.9,695.9,13078.7,562.3,548.9,593.4,414.0,21.7,50.52,4.55,7.59,16.4,392712.9,197438.7,195274.1,2429.7,5.5,11.22,6811.6,39937.7,93.696
영등포구,2017,0,0,0,0,0,0,0,0,0,0,0,0,0,0,0,0,0,0,0,1,0,0,0,0,0,51151.0,9599.0,9013.0,10650.0,4573.0,6077.0,315.0,123.0,192.0,4100.0,2137.0,1963.0,1559.0,837.0,722.0,15915.0,755.0,641.0,641.0,586.0,20.0,44.19,5.13,6.56,19.7,393560.0,196929.0,196631.0,1698.0,3.4,12.98,7764.0,39406.0,97.645
영등포구,2018,0,0,0,0,0,0,0,0,0,0,0,0,0,0,0,0,0,0,0,1,0,0,0,0,0,53477.0,9670.0,8910.0,11139.0,4646.0,6493.0,321.0,126.0,195.0,4705.0,2435.0,2270.0,1648.0,901.0,747.0,17084.0,828.0,784.0,763.0,778.0,27.0,29.7,3.72,5.18,20.82,395286.0,198031.0,197255.0,2326.0,4.5,13.31,7884.0,37863.0,99.086
영등포구,2019,0,0,0,0,0,0,0,0,0,0,0,0,0,0,0,0,0,0,0,1,0,0,0,0,0,58214.0,10045.0,9268.0,12058.0,5011.0,7047.0,344.0,150.0,194.0,5356.0,2766.0,2590.0,1896.0,1029.0,867.0,19247.0,993.0,899.0,839.0,949.0,24.0,54.66,4.13,8.38,22.87,394083.0,196903.0,197180.0,4737.0,8.9,14.45,8378.0,36639.0,99.466
영등포구,2020,0,0,0,0,0,0,0,0,0,0,0,0,0,0,0,0,0,0,0,1,0,0,0,0,0,64000.0,10581.0,9789.0,13675.0,5778.0,7897.0,378.0,157.0,221.0,6295.0,3199.0,3096.0,1805.0,970.0,835.0,21477.0,1240.0,1047.0,916.0,1135.0,26.0,38.07,4.17,10.18,24.18,403619.0,200678.0,202941.0,5786.0,9.9,15.86,9013.0,37280.0,100.0
영등포구,2021,0,0,0,0,0,0,0,0,0,0,0,0,0,0,0,0,0,0,0,1,0,0,0,0,0,69806.0,10840.0,9816.0,15215.0,6381.0,8834.0,421.0,182.0,239.0,7100.0,3612.0,3488.0,2154.0,1236.0,918.0,24260.0,1422.0,1198.0,964.0,1337.0,28.0,16.7,2.59,7.09,26.73,402984.0,200027.0,202957.0,5806.0,9.1,17.66,9722.0,36369.0,102.5
영등포구,2022,0,0,0,0,0,0,0,0,0,0,0,0,0,0,0,0,0,0,0,1,0,0,0,0,0,73962.0,11271.0,10013.0,15916.0,6629.0,9287.0,482.0,192.0,290.0,7736.0,3920.0,3816.0,2088.0,1155.0,933.0,26456.0,1502.0,1297.0,1005.0,1533.0,31.0,14.75,2.91,4.21,29.48,401805.0,198830.0,202975.0,4156.0,6.0,18.47,10390.0,35239.0,107.72
영등포구,2023,0,0,0,0,0,0,0,0,0,0,0,0,0,0,0,0,0,0,0,1,0,0,0,0,0,77895.0,11429.0,10024.0,16956.0,6958.0,9998.0,569.0,249.0,320.0,8247.0,4078.0,4169.0,2232.0,1285.0,947.0,28438.0,1646.0,1311.0,1144.0,1640.0,26.0,22.44,4.66,5.68,33.46,400544.0,197696.0,202848.0,3933.0,5.3,19.79,11203.0,33484.0,111.59
용산구,2014,0,0,0,0,0,0,0,0,0,0,0,0,0,0,0,0,0,0,0,0,1,0,0,0,0,27490.4,7612.1,9092.2,4341.8,1632.4,2709.4,639.4,257.5,381.9,2664.6,1129.4,1535.2,547.6,229.7,317.9,2592.6,242.1,367.6,386.4,153.9,21.9,88.78,6.23,12.31,13.81,233119.3,114456.3,118663.0,1052.2,3.9,11.89,4387.8,26049.7,89.257
용산구,2015,0,0,0,0,0,0,0,0,0,0,0,0,0,0,0,0,0,0,0,0,1,0,0,0,0,29159.5,7674.6,9067.7,4778.0,1797.4,2980.6,664.4,271.6,392.8,3375.2,1469.7,1905.5,561.0,248.1,312.8,3038.5,339.7,420.6,428.8,275.7,23.1,81.38,5.74,11.31,16.25,231401.0,113345.9,118055.1,1135.0,4.0,12.72,4612.0,25120.1,91.477
용산구,2016,0,0,0,0,0,0,0,0,0,0,0,0,0,0,0,0,0,0,0,0,1,0,0,0,0,30828.6,7737.1,9043.3,5214.1,1962.4,3251.7,689.4,285.7,403.7,4085.9,1810.0,2275.9,574.3,266.6,307.7,3484.4,437.3,473.6,471.1,397.6,24.3,73.99,5.25,10.32,18.69,229682.7,112235.6,117447.1,1217.7,4.0,13.55,4836.3,24190.4,93.696
용산구,2017,0,0,0,0,0,0,0,0,0,0,0,0,0,0,0,0,0,0,0,0,1,0,0,0,0,33076.0,7833.0,8997.0,6117.0,2331.0,3786.0,716.0,295.0,421.0,5027.0,2232.0,2795.0,630.0,332.0,298.0,3756.0,523.0,509.0,491.0,526.0,22.0,94.41,5.14,9.82,22.43,223898.0,108471.0,115427.0,1435.0,4.5,14.57,5199.0,23174.0,97.645
용산구,2018,0,0,0,0,0,0,0,0,0,0,0,0,0,0,0,0,0,0,0,0,1,0,0,0,0,34240.0,7935.0,9027.0,6164.0,2331.0,3833.0,740.0,317.0,423.0,5405.0,2437.0,2968.0,585.0,280.0,305.0,4384.0,636.0,588.0,542.0,637.0,30.0,41.95,4.13,7.64,23.74,226938.0,110685.0,116253.0,1164.0,3.5,15.29,5279.0,22238.0,99.086
용산구,2019,0,0,0,0,0,0,0,0,0,0,0,0,0,0,0,0,0,0,0,0,1,0,0,0,0,35148.0,7873.0,8909.0,6162.0,2312.0,3850.0,771.0,328.0,443.0,5954.0,2733.0,3221.0,594.0,307.0,287.0,4885.0,720.0,637.0,606.0,745.0,27.0,36.88,3.36,7.77,25.43,227181.0,110934.0,116247.0,908.0,2.7,15.47,5452.0,21439.0,99.466
용산구,2020,0,0,0,0,0,0,0,0,0,0,0,0,0,0,0,0,0,0,0,0,1,0,0,0,0,36881.0,7851.0,9111.0,6264.0,2328.0,3936.0,769.0,341.0,428.0,6863.0,3175.0,3688.0,580.0,284.0,296.0,5443.0,844.0,694.0,686.0,891.0,29.0,31.46,2.46,5.1,27.13,225882.0,109162.0,116720.0,1733.0,4.9,16.64,5613.0,20688.0,100.0
용산구,2021,0,0,0,0,0,0,0,0,0,0,0,0,0,0,0,0,0,0,0,0,1,0,0,0,0,39270.0,8025.0,8753.0,7368.0,2736.0,4632.0,823.0,370.0,453.0,7776.0,3570.0,4206.0,662.0,389.0,273.0,5863.0,943.0,746.0,704.0,1015.0,32.0,33.08,3.52,5.78,29.81,221688.0,106910.0,114778.0,2389.0,6.5,17.91,5843.0,19604.0,102.5
용산구,2022,0,0,0,0,0,0,0,0,0,0,0,0,0,0,0,0,0,0,0,0,1,0,0,0,0,41437.0,8212.0,8947.0,8225.0,3108.0,5117.0,845.0,360.0,485.0,8455.0,3894.0,4561.0,661.0,380.0,281.0,6092.0,1033.0,795.0,722.0,1149.0,35.0,55.38,3.59,6.09,33.19,219289.0,105474.0,113815.0,2167.0,5.5,19.29,6198.0,18677.0,107.72
용산구,2023,0,0,0,0,0,0,0,0,0,0,0,0,0,0,0,0,0,0,0,0,1,0,0,0,0,42482.0,8181.0,8874.0,8412.0,3212.0,5200.0,862.0,384.0,478.0,9019.0,4158.0,4861.0,681.0,410.0,271.0,6453.0,1095.0,829.0,734.0,1232.0,28.0,17.71,0.88,2.25,37.46,214791.0,102923.0,111868.0,1045.0,2.5,18.81,6549.0,17483.0,111.59
은평구,2014,0,0,0,0,0,0,0,0,0,0,0,0,0,0,0,0,0,0,0,0,0,1,0,0,0,33949.4,7362.5,8607.6,2772.0,1230.6,1541.4,650.2,227.0,423.2,9685.5,4292.9,5392.6,842.4,425.9,416.6,4029.2,217.9,691.5,725.2,28.3,22.9,47.67,9.27,22.92,6.65,472574.7,231404.1,241170.6,2294.9,6.4,7.39,6789.1,61631.9,89.257
은평구,2015,0,0,0,0,0,0,0,0,0,0,0,0,0,0,0,0,0,0,0,0,0,1,0,0,0,37890.1,7614.6,8778.9,3998.1,1657.8,2340.4,711.0,251.8,459.2,11210.0,4880.3,6329.7,887.6,456.1,431.5,4689.9,499.0,877.6,893.3,428.8,24.1,43.29,8.54,21.11,10.18,470442.0,229557.9,240884.1,2493.6,6.4,8.25,7817.7,59316.3,91.477
은평구,2016,0,0,0,0,0,0,0,0,0,0,0,0,0,0,0,0,0,0,0,0,0,1,0,0,0,41830.9,7866.7,8950.3,5224.3,2084.9,3139.4,771.7,276.6,495.1,12734.4,5467.7,7266.7,932.9,486.4,446.4,5350.6,780.1,1063.7,1061.3,829.3,25.3,38.91,7.81,19.3,13.71,468309.3,227711.6,240597.7,2692.3,6.4,9.1,8846.3,57000.7,93.696
은평구,2017,0,0,0,0,0,0,0,0,0,0,0,0,0,0,0,0,0,0,0,0,0,1,0,0,0,46535.0,8130.0,9185.0,6987.0,2703.0,4284.0,851.0,299.0,552.0,14439.0,6110.0,8329.0,1023.0,551.0,472.0,5920.0,1082.0,1154.0,1104.0,1147.0,23.0,33.38,7.05,16.47,18.65,466243.0,225813.0,240430.0,2095.0,4.7,10.27,10264.0,55045.0,97.645
은평구,2018,0,0,0,0,0,0,0,0,0,0,0,0,0,0,0,0,0,0,0,0,0,1,0,0,0,48888.0,8202.0,9050.0,7428.0,2836.0,4592.0,907.0,337.0,570.0,15721.0,6631.0,9090.0,1062.0,562.0,500.0,6518.0,1335.0,1459.0,1443.0,1661.0,31.0,36.35,6.89,16.09,20.72,462552.0,223452.0,239100.0,2353.0,5.1,10.49,10812.0,52187.0,99.086
은평구,2019,0,0,0,0,0,0,0,0,0,0,0,0,0,0,0,0,0,0,0,0,0,1,0,0,0,52814.0,8560.0,9366.0,8711.0,3320.0,5391.0,907.0,340.0,567.0,16770.0,7017.0,9753.0,1037.0,556.0,481.0,7463.0,1546.0,1657.0,1581.0,2060.0,28.0,32.25,4.22,11.74,23.28,461530.0,222076.0,239454.0,3926.0,8.0,11.44,11596.0,49813.0,99.466
은평구,2020,0,0,0,0,0,0,0,0,0,0,0,0,0,0,0,0,0,0,0,0,0,1,0,0,0,57853.0,9112.0,9922.0,9637.0,3617.0,6020.0,1013.0,385.0,628.0,18922.0,7849.0,11073.0,990.0,524.0,466.0,8257.0,1942.0,1914.0,1845.0,2463.0,30.0,9.14,5.88,19.07,26.78,463102.0,221828.0,241274.0,5039.0,9.5,12.51,12794.0,47781.0,100.0
은평구,2021,0,0,0,0,0,0,0,0,0,0,0,0,0,0,0,0,0,0,0,0,0,1,0,0,0,62447.0,9265.0,9985.0,11401.0,4244.0,7157.0,1069.0,389.0,680.0,20808.0,8598.0,12210.0,1184.0,674.0,510.0,8735.0,2244.0,2005.0,1990.0,2885.0,33.0,9.89,4.45,6.14,30.82,457385.0,218155.0,239230.0,4594.0,7.9,13.65,13955.0,45280.0,102.5
은평구,2022,0,0,0,0,0,0,0,0,0,0,0,0,0,0,0,0,0,0,0,0,0,1,0,0,0,65769.0,9423.0,9992.0,12755.0,4683.0,8072.0,1162.0,424.0,738.0,22092.0,9092.0,13000.0,1188.0,651.0,537.0,9157.0,2460.0,2161.0,2019.0,3257.0,36.0,13.75,3.13,8.39,35.02,454649.0,216315.0,238334.0,3322.0,5.3,14.47,15054.0,42981.0,107.72
은평구,2023,0,0,0,0,0,0,0,0,0,0,0,0,0,0,0,0,0,0,0,0,0,1,0,0,0,68850.0,9434.0,9950.0,13983.0,5150.0,8833.0,1194.0,456.0,738.0,23074.0,9425.0,13649.0,1312.0,735.0,577.0,9903.0,2723.0,2307.0,2152.0,3546.0,29.0,15.04,2.69,6.59,39.56,452988.0,214646.0,238342.0,3081.0,4.7,14.87,16250.0,41081.0,111.59
종로구,2014,0,0,0,0,0,0,0,0,0,0,0,0,0,0,0,0,0,0,0,0,0,0,1,0,0,20828.9,5926.7,5758.2,2129.9,933.2,1196.7,670.7,214.1,456.6,2543.4,1073.7,1469.7,898.0,447.6,450.4,2901.9,129.3,273.3,319.0,49.2,13.9,56.14,5.36,11.53,12.77,164932.3,81527.0,83405.3,680.5,3.5,13.21,3015.9,16597.9,89.257
종로구,2015,0,0,0,0,0,0,0,0,0,0,0,0,0,0,0,0,0,0,0,0,0,0,1,0,0,21754.7,5898.1,5756.7,2382.1,1028.3,1353.9,729.0,242.9,486.1,2764.9,1171.3,1593.6,900.4,452.1,448.3,3323.4,202.4,303.6,338.7,129.0,14.7,60.18,5.2,11.02,16.63,162778.1,80154.0,82624.1,721.8,3.5,13.9,3246.8,15923.5,91.477
종로구,2016,0,0,0,0,0,0,0,0,0,0,0,0,0,0,0,0,0,0,0,0,0,0,1,0,0,22680.4,5869.6,5755.3,2634.3,1123.3,1511.0,787.3,271.6,515.7,2986.4,1268.9,1717.6,902.7,456.6,446.1,3744.9,275.4,334.0,358.4,208.7,15.4,64.22,5.05,10.52,20.48,160624.0,78781.0,81843.0,763.1,3.6,14.6,3477.7,15249.1,93.696
종로구,2017,0,0,0,0,0,0,0,0,0,0,0,0,0,0,0,0,0,0,0,0,0,0,1,0,0,23638.0,5565.0,5669.0,2992.0,1282.0,1710.0,887.0,315.0,572.0,3279.0,1407.0,1872.0,868.0,444.0,424.0,4378.0,375.0,378.0,360.0,322.0,14.0,59.01,4.62,9.78,26.51,157277.0,76670.0,80607.0,803.0,3.5,14.96,3822.0,14416.0,97.645
종로구,2018,0,0,0,0,0,0,0,0,0,0,0,0,0,0,0,0,0,0,0,0,0,0,1,0,0,25326.0,6367.0,6038.0,3014.0,1227.0,1787.0,877.0,314.0,563.0,3363.0,1442.0,1921.0,974.0,517.0,457.0,4693.0,398.0,401.0,411.0,362.0,19.0,64.54,4.02,9.49,28.14,157967.0,77147.0,80820.0,1688.0,7.1,16.34,3912.0,13904.0,99.086
종로구,2019,0,0,0,0,0,0,0,0,0,0,0,0,0,0,0,0,0,0,0,0,0,0,1,0,0,24671.0,5653.0,5701.0,3336.0,1409.0,1927.0,927.0,333.0,594.0,3476.0,1468.0,2008.0,925.0,443.0,482.0,4653.0,482.0,402.0,412.0,426.0,17.0,115.5,6.17,10.54,30.47,154969.0,74880.0,80089.0,-655.0,-2.6,16.31,4072.0,13364.0,99.466
종로구,2020,0,0,0,0,0,0,0,0,0,0,0,0,0,0,0,0,0,0,0,0,0,0,1,0,0,25983.0,5611.0,5597.0,3691.0,1514.0,2177.0,1009.0,397.0,612.0,3993.0,1696.0,2297.0,849.0,456.0,393.0,5233.0,566.0,432.0,450.0,482.0,19.0,67.53,4.12,6.9,34.31,151291.0,73062.0,78229.0,1312.0,5.3,17.46,4350.0,12679.0,100.0
종로구,2021,0,0,0,0,0,0,0,0,0,0,0,0,0,0,0,0,0,0,0,0,0,0,1,0,0,27308.0,5661.0,5629.0,3952.0,1631.0,2321.0,1110.0,447.0,663.0,4197.0,1811.0,2386.0,916.0,487.0,429.0,5843.0,646.0,505.0,476.0,626.0,20.0,87.16,4.22,8.09,39.02,148857.0,71367.0,77490.0,1325.0,5.1,18.51,4650.0,11918.0,102.5
종로구,2022,0,0,0,0,0,0,0,0,0,0,0,0,0,0,0,0,0,0,0,0,0,0,1,0,0,28424.0,5669.0,5722.0,4099.0,1644.0,2455.0,1135.0,434.0,701.0,4353.0,1876.0,2477.0,932.0,477.0,455.0,6514.0,718.0,527.0,466.0,705.0,22.0,59.31,4.4,7.33,43.47,147512.0,70318.0,77194.0,1116.0,4.1,19.44,4834.0,11121.0,107.72
종로구,2023,0,0,0,0,0,0,0,0,0,0,0,0,0,0,0,0,0,0,0,0,0,0,1,0,0,29334.0,5761.0,5890.0,4417.0,1817.0,2600.0,1198.0,465.0,733.0,4446.0,1914.0,2532.0,921.0,498.0,423.0,6701.0,789.0,543.0,486.0,771.0,18.0,109.66,3.61,7.31,49.43,146179.0,69579.0,76600.0,910.0,3.2,18.65,5170.0,10459.0,111.59
중구,2014,0,0,0,0,0,0,0,0,0,0,0,0,0,0,0,0,0,0,0,0,0,0,0,1,0,15762.2,3436.6,3947.9,3813.4,1668.0,2145.4,252.4,127.3,125.1,1382.0,693.1,688.9,891.7,470.1,421.6,2038.1,143.4,127.5,240.7,65.3,9.4,109.9,5.52,12.56,11.66,131223.9,64469.4,66754.5,-533.6,-1.0,12.27,2344.7,12808.4,89.257
중구,2015,0,0,0,0,0,0,0,0,0,0,0,0,0,0,0,0,0,0,0,0,0,0,0,1,0,17038.7,3443.7,3875.2,4358.8,1873.6,2485.2,271.4,132.6,138.8,1608.9,795.3,813.6,876.1,465.0,411.1,2604.7,229.4,199.0,281.5,165.9,9.9,104.82,5.43,12.44,16.91,130699.4,64013.9,66685.5,-239.4,0.1,13.27,2650.1,12326.9,91.477
중구,2016,0,0,0,0,0,0,0,0,0,0,0,0,0,0,0,0,0,0,0,0,0,0,0,1,0,18315.1,3450.7,3802.4,4904.1,2079.1,2825.0,290.3,137.9,152.4,1835.9,897.6,938.3,860.4,459.9,400.6,3171.3,315.3,270.4,322.3,266.6,10.4,99.73,5.35,12.32,22.15,130174.9,63558.4,66616.4,54.9,1.2,14.27,2955.6,11845.4,93.696
중구,2017,0,0,0,0,0,0,0,0,0,0,0,0,0,0,0,0,0,0,0,0,0,0,0,1,0,20164.0,3475.0,3706.0,5673.0,2384.0,3289.0,301.0,142.0,159.0,2102.0,1027.0,1075.0,854.0,452.0,402.0,4053.0,404.0,353.0,364.0,389.0,9.0,125.06,5.29,11.02,30.16,127896.0,62195.0,65701.0,493.0,2.5,15.4,3410.0,11306.0,97.645
중구,2018,0,0,0,0,0,0,0,0,0,0,0,0,0,0,0,0,0,0,0,0,0,0,0,1,0,20803.0,3486.0,3675.0,5875.0,2418.0,3457.0,337.0,152.0,185.0,2312.0,1123.0,1189.0,837.0,461.0,376.0,4281.0,460.0,407.0,402.0,470.0,13.0,57.78,5.41,13.78,32.6,129797.0,62975.0,66822.0,639.0,3.2,16.16,3547.0,10879.0,99.086
중구,2019,0,0,0,0,0,0,0,0,0,0,0,0,0,0,0,0,0,0,0,0,0,0,0,1,0,22078.0,3517.0,3652.0,6589.0,2738.0,3851.0,345.0,146.0,199.0,2450.0,1176.0,1274.0,825.0,447.0,378.0,4700.0,550.0,476.0,429.0,544.0,12.0,50.34,5.44,12.41,35.65,130957.0,63406.0,67551.0,1275.0,6.1,17.48,3759.0,10543.0,99.466
중구,2020,0,0,0,0,0,0,0,0,0,0,0,0,0,0,0,0,0,0,0,0,0,0,0,1,0,22818.0,3502.0,3540.0,6871.0,2843.0,4028.0,375.0,171.0,204.0,2759.0,1295.0,1464.0,798.0,450.0,348.0,4973.0,679.0,554.0,501.0,646.0,13.0,81.35,4.56,11.44,41.05,128744.0,62147.0,66597.0,740.0,3.4,18.22,4075.0,9928.0,100.0
중구,2021,0,0,0,0,0,0,0,0,0,0,0,0,0,0,0,0,0,0,0,0,0,0,0,1,0,24544.0,3374.0,3388.0,7582.0,3063.0,4519.0,388.0,162.0,226.0,2929.0,1352.0,1577.0,745.0,419.0,326.0,6138.0,818.0,629.0,536.0,770.0,14.0,132.25,3.6,9.89,47.68,126310.0,60657.0,65653.0,1726.0,7.6,19.24,4459.0,9352.0,102.5
중구,2022,0,0,0,0,0,0,0,0,0,0,0,0,0,0,0,0,0,0,0,0,0,0,0,1,0,25247.0,3257.0,3162.0,7983.0,3173.0,4810.0,384.0,158.0,226.0,3154.0,1505.0,1649.0,700.0,378.0,322.0,6607.0,836.0,704.0,567.0,896.0,15.0,60.45,6.08,12.98,53.89,125257.0,59795.0,65462.0,703.0,2.9,19.74,4797.0,8901.0,107.72
중구,2023,0,0,0,0,0,0,0,0,0,0,0,0,0,0,0,0,0,0,0,0,0,0,0,1,0,28293.0,3741.0,3457.0,9027.0,3691.0,5336.0,432.0,182.0,250.0,3499.0,1668.0,1831.0,826.0,469.0,357.0,7311.0,866.0,771.0,599.0,969.0,12.0,48.52,4.66,11.24,60.91,127576.0,60980.0,66596.0,3046.0,12.1,21.8,5194.0,8528.0,111.59
중랑구,2014,0,0,0,0,0,0,0,0,0,0,0,0,0,0,0,0,0,0,0,0,0,0,0,0,1,36046.7,14232.2,12476.9,3519.4,1398.1,2121.4,575.7,269.5,306.2,2675.1,1532.8,1142.3,1075.1,520.5,554.6,1492.3,-220.3,296.3,494.8,-265.9,26.1,29.92,14.92,38.38,6.43,404926.8,201956.0,202970.8,1420.5,4.2,8.65,5868.4,46681.5,89.257
중랑구,2015,0,0,0,0,0,0,0,0,0,0,0,0,0,0,0,0,0,0,0,0,0,0,0,0,1,39497.9,14594.2,12742.1,4690.7,1832.3,2858.5,642.6,291.4,351.2,3705.4,1937.3,1768.1,1179.0,596.0,583.0,1944.0,187.0,550.7,681.6,167.9,27.4,29.56,13.54,35.24,11.29,401644.0,199850.4,201793.5,1688.3,4.4,9.67,6948.3,44850.5,91.477
중랑구,2016,0,0,0,0,0,0,0,0,0,0,0,0,0,0,0,0,0,0,0,0,0,0,0,0,1,42949.1,14956.1,13007.3,5862.0,2266.4,3595.6,709.4,313.3,396.1,4735.7,2341.7,2394.0,1282.9,671.4,611.4,2395.7,594.3,805.1,868.4,601.6,28.7,29.19,12.15,32.1,16.14,398361.1,197744.9,200616.3,1956.0,4.7,10.69,8028.3,43019.6,93.696
중랑구,2017,0,0,0,0,0,0,0,0,0,0,0,0,0,0,0,0,0,0,0,0,0,0,0,0,1,47543.0,15574.0,13456.0,7470.0,2850.0,4620.0,773.0,331.0,442.0,5812.0,2712.0,3100.0,1403.0,769.0,634.0,3055.0,1064.0,1027.0,950.0,1020.0,26.0,25.15,9.46,22.14,22.81,396892.0,196346.0,200546.0,1826.0,4.0,11.98,9502.0,41660.0,97.645
중랑구,2018,0,0,0,0,0,0,0,0,0,0,0,0,0,0,0,0,0,0,0,0,0,0,0,0,1,49207.0,15407.0,13439.0,8012.0,3085.0,4927.0,834.0,363.0,471.0,6787.0,3177.0,3610.0,1461.0,801.0,660.0,3267.0,1322.0,1291.0,1154.0,1297.0,36.0,26.87,13.1,32.29,25.68,391668.0,193599.0,198069.0,1664.0,3.5,12.56,10105.0,39355.0,99.086
중랑구,2019,0,0,0,0,0,0,0,0,0,0,0,0,0,0,0,0,0,0,0,0,0,0,0,0,1,52196.0,15866.0,13651.0,8886.0,3349.0,5537.0,890.0,355.0,535.0,7692.0,3503.0,4189.0,1614.0,894.0,720.0,3597.0,1731.0,1577.0,1461.0,1788.0,31.0,45.98,5.54,20.87,29.32,386331.0,190531.0,195800.0,2989.0,6.1,13.51,10920.0,37243.0,99.466
중랑구,2020,0,0,0,0,0,0,0,0,0,0,0,0,0,0,0,0,0,0,0,0,0,0,0,0,1,56605.0,16400.0,13967.0,10631.0,4084.0,6547.0,1007.0,416.0,591.0,8825.0,3997.0,4828.0,1650.0,924.0,726.0,4125.0,2264.0,1887.0,1894.0,2674.0,34.0,13.86,4.07,16.39,34.39,385663.0,189537.0,196126.0,4409.0,8.4,14.68,12190.0,35444.0,100.0
중랑구,2021,0,0,0,0,0,0,0,0,0,0,0,0,0,0,0,0,0,0,0,0,0,0,0,0,1,60487.0,16999.0,14470.0,11561.0,4387.0,7174.0,1064.0,439.0,625.0,9983.0,4400.0,5583.0,1897.0,1147.0,750.0,4513.0,2764.0,2102.0,1906.0,2964.0,37.0,26.21,9.1,31.97,40.08,380307.0,186364.0,193943.0,3882.0,6.9,15.9,13358.0,33325.0,102.5
중랑구,2022,0,0,0,0,0,0,0,0,0,0,0,0,0,0,0,0,0,0,0,0,0,0,0,0,1,64334.0,17208.0,14627.0,13255.0,4962.0,8293.0,1125.0,458.0,667.0,11132.0,4866.0,6266.0,1835.0,1065.0,770.0,5152.0,3050.0,2366.0,1891.0,3214.0,41.0,29.1,2.93,7.34,45.26,379127.0,185196.0,193931.0,3847.0,6.4,16.97,14569.0,32188.0,107.72
중랑구,2023,0,0,0,0,0,0,0,0,0,0,0,0,0,0,0,0,0,0,0,0,0,0,0,0,1,66906.0,17374.0,14866.0,14015.0,5305.0,8710.0,1145.0,444.0,701.0,11768.0,5062.0,6706.0,2029.0,1213.0,816.0,5709.0,3369.0,2510.0,2054.0,3398.0,33.0,26.81,2.14,5.76,51.52,376621.0,183685.0,192936.0,2572.0,4.0,17.76,15793.0,30655.0,111.59
