구,연도,강남구,강동구,강북구,강서구,관악구,광진구,구로구,금천구,노원구,도봉구,동대문구,동작구,마포구,서대문구,서초구,성동구,성북구,송파구,양천구,영등포구,용산구,은평구,종로구,중구,중랑구,단독주택_계,아파트_계,연립주택_계,다세대주택_계,비주거용 건물내 주택_계,값,노령화지수,총인구,총인구_남자,총인구_여자,전년 대비 증감,증감률,1인가구_비율,20세 미만,65세 이상,0~14세,소비자물가,저소득노인_65~79비율,저소득노인_80이상비율,기초생활수급자총인원,기초생활수급자비율
강남구,2017,1,0,0,0,0,0,0,0,0,0,0,0,0,0,0,0,0,0,0,0,0,0,0,0,0,8487,7204,432,4553,1027,8,11.09,522514,250087,272427,776,1.3,12.36,539,7607,68591,97.645,4.64,6.81,1706,22.43
강남구,2018,1,0,0,0,0,0,0,0,0,0,0,0,0,0,0,0,0,0,0,0,0,0,0,0,0,8593,6715,433,4935,1057,12,11.75,507810,243579,264231,-47,-0.1,12.0,421,7834,66657,99.086,45.66,36.18,1840,23.49
강남구,2019,1,0,0,0,0,0,0,0,0,0,0,0,0,0,0,0,0,0,0,0,0,0,0,0,0,8876,7115,450,5286,1087,10,12.57,509199,244403,264796,3346,5.3,12.98,607,8393,66767,99.466,1.68,4.44,2959,35.26
강남구,2020,1,0,0,0,0,0,0,0,0,0,0,0,0,0,0,0,0,0,0,0,0,0,0,0,0,8859,7413,453,5716,1026,11,13.9,508135,243322,264813,2926,4.4,13.58,498,9162,65904,100.0,8.87,7.07,3994,43.59
강남구,2021,1,0,0,0,0,0,0,0,0,0,0,0,0,0,0,0,0,0,0,0,0,0,0,0,0,8861,8410,516,6038,1053,12,15.95,503019,240842,262177,2987,4.3,14.31,397,10292,64520,102.5,2.19,5.48,3970,38.57
강남구,2022,1,0,0,0,0,0,0,0,0,0,0,0,0,0,0,0,0,0,0,0,0,0,0,0,0,8776,8925,541,6263,1008,13,17.71,500149,239430,260719,1593,2.2,14.4,465,11031,62278,107.72,1.17,2.49,3492,31.66
강남구,2023,1,0,0,0,0,0,0,0,0,0,0,0,0,0,0,0,0,0,0,0,0,0,0,0,0,8821,9838,575,6533,1012,11,18.56,511084,244560,266524,3230,4.4,15.36,342,11860,63911,111.59,2.04,3.91,3660,30.86
강동구,2017,0,1,0,0,0,0,0,0,0,0,0,0,0,0,0,0,0,0,0,0,0,0,0,0,0,9735,3300,143,3244,751,19,14.46,423978,209931,214047,1581,4.0,9.15,162,7506,51894,97.645,5.59,15.33,2415,32.17
강동구,2018,0,1,0,0,0,0,0,0,0,0,0,0,0,0,0,0,0,0,0,0,0,0,0,0,0,9655,3235,152,3608,755,27,16.04,414231,204752,209479,1076,2.6,9.43,144,7917,49358,99.086,7.1,12.66,2304,29.1
강동구,2019,0,1,0,0,0,0,0,0,0,0,0,0,0,0,0,0,0,0,0,0,0,0,0,0,0,9839,3860,131,4100,767,24,17.45,415287,204807,210480,3062,7.3,10.91,157,8694,49823,99.466,6.86,25.22,2891,33.25
강동구,2020,0,1,0,0,0,0,0,0,0,0,0,0,0,0,0,0,0,0,0,0,0,0,0,0,0,10120,4576,146,4869,731,26,18.26,444434,218299,226135,5128,11.3,12.12,152,9876,54071,100.0,5.02,16.56,3686,37.32
강동구,2021,0,1,0,0,0,0,0,0,0,0,0,0,0,0,0,0,0,0,0,0,0,0,0,0,0,10525,5652,181,5341,936,28,21.14,451099,220916,230183,6589,13.1,12.8,150,11459,54212,102.5,4.58,14.59,4437,38.72
강동구,2022,0,1,0,0,0,0,0,0,0,0,0,0,0,0,0,0,0,0,0,0,0,0,0,0,0,10678,5885,168,5785,984,30,24.01,448655,219114,229541,2847,5.0,13.25,145,12614,52544,107.72,4.03,12.3,4977,39.46
강동구,2023,0,1,0,0,0,0,0,0,0,0,0,0,0,0,0,0,0,0,0,0,0,0,0,0,0,10697,6330,207,6268,1151,25,27.52,446561,217965,228596,3191,5.3,14.85,140,13966,50751,111.59,3.8,9.1,5527,39.57
강북구,2017,0,0,1,0,0,0,0,0,0,0,0,0,0,0,0,0,0,0,0,0,0,0,0,0,0,9776,2179,336,3507,480,23,30.02,313698,152464,161234,2414,6.6,12.46,323,9525,31728,97.645,12.34,25.68,3109,32.64
강북구,2018,0,0,1,0,0,0,0,0,0,0,0,0,0,0,0,0,0,0,0,0,0,0,0,0,0,10104,2175,323,3786,470,31,33.97,309138,150028,159110,1790,4.6,13.22,324,10071,29644,99.086,13.1,18.24,3142,31.2
강북구,2019,0,0,1,0,0,0,0,0,0,0,0,0,0,0,0,0,0,0,0,0,0,0,0,0,0,10530,2520,336,3880,504,28,38.85,303871,147112,156759,1919,4.7,14.08,295,10768,27714,99.466,8.46,32.18,4455,41.37
강북구,2020,0,0,1,0,0,0,0,0,0,0,0,0,0,0,0,0,0,0,0,0,0,0,0,0,0,11028,2622,393,4483,502,30,45.48,299535,144779,154756,2894,6.8,15.25,288,11716,25762,100.0,9.5,21.14,5165,44.09
강북구,2021,0,0,1,0,0,0,0,0,0,0,0,0,0,0,0,0,0,0,0,0,0,0,0,0,0,11446,2879,433,5040,568,33,53.3,292611,141265,151346,2743,6.0,16.55,250,12722,23870,102.5,4.84,8.56,5984,47.04
강북구,2022,0,0,1,0,0,0,0,0,0,0,0,0,0,0,0,0,0,0,0,0,0,0,0,0,0,11685,3277,468,5483,544,36,61.58,287788,138515,149273,2706,5.6,17.77,326,13623,22123,107.72,3.61,7.05,6760,49.62
강북구,2023,0,0,1,0,0,0,0,0,0,0,0,0,0,0,0,0,0,0,0,0,0,0,0,0,0,11585,3528,506,5673,552,29,70.53,284155,136266,147889,1525,3.0,18.53,369,14520,20587,111.59,5.06,10.71,7635,52.58
강서구,2017,0,0,0,1,0,0,0,0,0,0,0,0,0,0,0,0,0,0,0,0,0,0,0,0,0,8371,8158,311,5788,492,31,15.73,581675,282678,298997,7249,11.9,12.27,256,11351,72181,97.645,6.69,15.18,3313,29.19
강서구,2018,0,0,0,1,0,0,0,0,0,0,0,0,0,0,0,0,0,0,0,0,0,0,0,0,0,8454,8693,326,6452,508,42,17.65,578539,280629,297910,4774,7.0,13.29,270,12192,69057,99.086,7.63,19.22,5115,41.95
강서구,2019,0,0,0,1,0,0,0,0,0,0,0,0,0,0,0,0,0,0,0,0,0,0,0,0,0,8655,9364,382,7148,549,37,20.34,574097,277365,296732,6360,8.7,14.18,325,13343,65584,99.466,7.89,25.34,5956,44.64
강서구,2020,0,0,0,1,0,0,0,0,0,0,0,0,0,0,0,0,0,0,0,0,0,0,0,0,0,8767,9983,415,8389,507,40,24.04,564854,271779,293075,6801,8.6,15.26,336,14607,60762,100.0,5.96,16.65,7418,50.78
강서구,2021,0,0,0,1,0,0,0,0,0,0,0,0,0,0,0,0,0,0,0,0,0,0,0,0,0,8963,11059,444,9319,540,44,28.09,559837,268530,291307,8264,9.6,16.45,252,16264,57891,102.5,3.74,11.45,8818,54.22
강서구,2022,0,0,0,1,0,0,0,0,0,0,0,0,0,0,0,0,0,0,0,0,0,0,0,0,0,9227,11608,458,10266,576,48,32.19,555999,266085,289914,6259,6.6,17.41,255,17624,54744,107.72,3.61,9.25,9757,55.36
강서구,2023,0,0,0,1,0,0,0,0,0,0,0,0,0,0,0,0,0,0,0,0,0,0,0,0,0,9288,12109,488,10786,665,39,37.51,549557,262646,286911,3814,3.8,17.97,225,19383,51673,111.59,3.32,8.31,10606,54.72
관악구,2017,0,0,0,0,1,0,0,0,0,0,0,0,0,0,0,0,0,0,0,0,0,0,0,0,0,31624,4636,470,5251,5256,29,23.01,511222,256857,254365,2893,2.8,21.65,1102,10150,44110,97.645,3.48,7.18,2913,28.7
관악구,2018,0,0,0,0,1,0,0,0,0,0,0,0,0,0,0,0,0,0,0,0,0,0,0,0,0,32561,4945,472,5598,5728,39,26.0,510303,255687,254616,5868,5.5,22.69,1048,10687,41109,99.086,4.28,7.71,3061,28.64
관악구,2019,0,0,0,0,1,0,0,0,0,0,0,0,0,0,0,0,0,0,0,0,0,0,0,0,0,35141,4928,471,5844,6114,35,30.11,507828,254082,253746,7130,6.3,24.18,1023,11553,38374,99.466,4.89,12.04,4382,37.93
관악구,2020,0,0,0,0,1,0,0,0,0,0,0,0,0,0,0,0,0,0,0,0,0,0,0,0,0,37145,5327,530,6553,5725,38,35.83,502641,250850,251791,9370,7.8,25.71,1121,12576,35103,100.0,6.88,13.0,5597,44.51
관악구,2021,0,0,0,0,1,0,0,0,0,0,0,0,0,0,0,0,0,0,0,0,0,0,0,0,0,39245,5625,594,6995,6501,41,42.87,495777,247814,247963,7022,5.4,26.83,734,13801,32194,102.5,2.96,10.46,6325,45.83
관악구,2022,0,0,0,0,1,0,0,0,0,0,0,0,0,0,0,0,0,0,0,0,0,0,0,0,0,41529,6135,633,7461,6892,45,49.64,496743,248148,248595,9178,6.7,28.45,987,14874,29963,107.72,4.58,11.55,6799,45.71
관악구,2023,0,0,0,0,1,0,0,0,0,0,0,0,0,0,0,0,0,0,0,0,0,0,0,0,0,43010,6313,669,7883,7104,37,57.88,493677,246553,247124,5312,3.7,29.54,1100,16018,27673,111.59,2.26,5.66,7417,46.3
광진구,2017,0,0,0,0,0,1,0,0,0,0,0,0,0,0,0,0,0,0,0,0,0,0,0,0,0,16999,1415,219,3850,1250,15,16.55,363934,177156,186778,1697,3.2,15.83,802,6202,37469,97.645,7.69,15.58,1506,24.28
광진구,2018,0,0,0,0,0,1,0,0,0,0,0,0,0,0,0,0,0,0,0,0,0,0,0,0,0,17100,1359,218,4129,1222,21,18.15,362304,175762,186542,1471,2.7,16.23,736,6534,36007,99.086,8.11,16.36,1922,29.42
광진구,2019,0,0,0,0,0,1,0,0,0,0,0,0,0,0,0,0,0,0,0,0,0,0,0,0,0,17395,1565,200,4551,1282,18,20.38,359766,174027,185739,2377,4.2,16.59,576,6926,33983,99.466,7.56,14.25,2287,33.02
광진구,2020,0,0,0,0,0,1,0,0,0,0,0,0,0,0,0,0,0,0,0,0,0,0,0,0,0,17899,1606,250,5072,1280,20,23.58,353967,169925,184042,3587,6.1,17.32,562,7502,31809,100.0,3.95,12.89,2697,35.95
광진구,2021,0,0,0,0,0,1,0,0,0,0,0,0,0,0,0,0,0,0,0,0,0,0,0,0,0,18429,1700,266,5679,1475,22,27.65,347099,166469,180630,3839,6.2,18.26,465,8187,29611,102.5,2.84,8.94,3164,38.65
광진구,2022,0,0,0,0,0,1,0,0,0,0,0,0,0,0,0,0,0,0,0,0,0,0,0,0,0,18909,1992,307,6111,1431,24,31.66,346519,165843,180676,3251,4.9,19.07,475,8851,27958,107.72,6.2,12.07,3489,39.42
광진구,2023,0,0,0,0,0,1,0,0,0,0,0,0,0,0,0,0,0,0,0,0,0,0,0,0,0,19440,2063,303,6460,1593,20,35.15,348160,166527,181633,2568,3.7,20.67,630,9302,26461,111.59,8.42,19.64,3875,41.66
구로구,2017,0,0,0,0,0,0,1,0,0,0,0,0,0,0,0,0,0,0,0,0,0,0,0,0,0,7840,4032,462,2314,523,15,15.72,436869,218428,218441,929,2.2,10.14,203,7741,49240,97.645,7.1,14.62,1870,24.16
구로구,2018,0,0,0,0,0,0,1,0,0,0,0,0,0,0,0,0,0,0,0,0,0,0,0,0,0,7777,4419,467,2506,494,20,17.81,433765,217086,216679,1167,2.7,10.11,236,8238,46263,99.086,20.63,45.52,1698,20.61
구로구,2019,0,0,0,0,0,0,1,0,0,0,0,0,0,0,0,0,0,0,0,0,0,0,0,0,0,7940,5067,543,2679,541,18,19.88,435560,217373,218187,3589,8.1,11.01,232,8981,45177,99.466,4.58,12.01,2718,30.26
구로구,2020,0,0,0,0,0,0,1,0,0,0,0,0,0,0,0,0,0,0,0,0,0,0,0,0,0,8183,5606,680,3014,435,20,22.98,435442,216855,218587,3231,6.8,11.7,232,9853,42885,100.0,6.08,21.2,3190,32.38
구로구,2021,0,0,0,0,0,0,1,0,0,0,0,0,0,0,0,0,0,0,0,0,0,0,0,0,0,8480,6017,716,3605,537,21,26.8,426220,212275,213945,4009,7.9,12.63,184,10842,40460,102.5,3.54,10.22,3770,34.77
구로구,2022,0,0,0,0,0,0,1,0,0,0,0,0,0,0,0,0,0,0,0,0,0,0,0,0,0,8544,6682,798,3949,531,23,30.69,424038,210737,213301,3997,7.3,13.84,211,11845,38592,107.72,3.03,8.74,4345,36.68
구로구,2023,0,0,0,0,0,0,1,0,0,0,0,0,0,0,0,0,0,0,0,0,0,0,0,0,0,8585,6901,869,4144,619,19,35.38,423397,210034,213363,2341,4.0,14.48,207,12889,36428,111.59,2.63,6.63,4799,37.23
금천구,2017,0,0,0,0,0,0,0,1,0,0,0,0,0,0,0,0,0,0,0,0,0,0,0,0,0,8356,2260,268,2030,688,19,24.4,249930,127252,122678,1200,3.8,13.18,102,5632,23079,97.645,8.59,14.5,1950,34.62
금천구,2018,0,0,0,0,0,0,0,1,0,0,0,0,0,0,0,0,0,0,0,0,0,0,0,0,0,8231,3041,262,2458,592,26,27.32,249344,127278,122066,1636,5.0,13.86,104,5968,21842,99.086,14.77,29.54,2170,36.36
금천구,2019,0,0,0,0,0,0,0,1,0,0,0,0,0,0,0,0,0,0,0,0,0,0,0,0,0,8631,2727,302,2891,621,23,31.08,249747,127242,122505,3214,9.3,15.15,138,6402,20600,99.466,9.58,23.23,2609,40.75
금천구,2020,0,0,0,0,0,0,0,1,0,0,0,0,0,0,0,0,0,0,0,0,0,0,0,0,0,8608,2974,375,3392,562,25,36.39,249419,126490,122929,4556,12.1,17.11,139,6998,19233,100.0,8.38,19.44,3120,44.58
금천구,2021,0,0,0,0,0,0,0,1,0,0,0,0,0,0,0,0,0,0,0,0,0,0,0,0,0,8870,3433,419,3983,634,27,42.27,247398,125468,121930,4493,10.6,18.94,116,7688,18186,102.5,5.0,17.77,3535,45.98
금천구,2022,0,0,0,0,0,0,0,1,0,0,0,0,0,0,0,0,0,0,0,0,0,0,0,0,0,9240,3719,421,4295,596,30,49.26,247185,125201,121984,3701,7.9,20.22,112,8406,17065,107.72,8.8,18.31,3929,46.74
금천구,2023,0,0,0,0,0,0,0,1,0,0,0,0,0,0,0,0,0,0,0,0,0,0,0,0,0,9153,3742,484,4525,649,25,55.95,245860,124278,121582,1505,3.0,21.16,116,8934,15969,111.59,6.4,14.29,3131,35.05
노원구,2017,0,0,0,0,0,0,0,0,1,0,0,0,0,0,0,0,0,0,0,0,0,0,0,0,0,6127,10388,291,1992,500,24,18.66,543499,263655,279844,1624,3.4,9.99,1168,12746,68323,97.645,11.36,15.59,4585,35.97
노원구,2018,0,0,0,0,0,0,0,0,1,0,0,0,0,0,0,0,0,0,0,0,0,0,0,0,0,6159,11058,276,2148,529,33,21.18,534096,258737,275359,2015,4.1,10.33,854,13567,64067,99.086,11.71,13.12,4903,36.14
노원구,2019,0,0,0,0,0,0,0,0,1,0,0,0,0,0,0,0,0,0,0,0,0,0,0,0,0,6192,11699,301,2221,564,29,24.19,522480,252662,269818,2085,4.1,10.59,724,14604,60377,99.466,11.9,23.34,6471,44.31
노원구,2020,0,0,0,0,0,0,0,0,1,0,0,0,0,0,0,0,0,0,0,0,0,0,0,0,0,5846,12899,353,2492,507,32,27.53,511982,246317,265665,3073,5.8,11.02,590,15819,57456,100.0,14.31,34.28,7505,47.44
노원구,2021,0,0,0,0,0,0,0,0,1,0,0,0,0,0,0,0,0,0,0,0,0,0,0,0,0,6578,13925,350,2629,648,34,31.76,503929,242171,261758,4209,7.5,11.61,644,17188,54122,102.5,4.17,11.82,8770,51.02
노원구,2022,0,0,0,0,0,0,0,0,1,0,0,0,0,0,0,0,0,0,0,0,0,0,0,0,0,6705,14605,365,2739,626,38,36.04,496423,238120,258303,2375,3.9,11.8,806,18296,50770,107.72,3.45,10.64,9519,52.03
노원구,2023,0,0,0,0,0,0,0,0,1,0,0,0,0,0,0,0,0,0,0,0,0,0,0,0,0,6682,15232,391,2899,631,31,40.98,492979,236495,256484,2253,3.6,12.01,710,19608,47852,111.59,1.13,3.56,10115,51.59
도봉구,2017,0,0,0,0,0,0,0,0,0,1,0,0,0,0,0,0,0,0,0,0,0,0,0,0,0,5907,3068,243,2214,302,10,20.92,332586,161944,170642,1173,4.1,8.86,221,7714,36873,97.645,7.43,19.99,1647,21.35
도봉구,2018,0,0,0,0,0,0,0,0,0,1,0,0,0,0,0,0,0,0,0,0,0,0,0,0,0,5881,3302,250,2408,279,14,23.45,328243,159569,168674,1379,4.7,9.4,194,8176,34863,99.086,7.77,20.33,2438,29.82
도봉구,2019,0,0,0,0,0,0,0,0,0,1,0,0,0,0,0,0,0,0,0,0,0,0,0,0,0,6185,3473,254,2558,334,12,27.07,323543,156961,166582,1805,5.9,10.09,159,8828,32614,99.466,6.74,17.78,2797,31.68
도봉구,2020,0,0,0,0,0,0,0,0,0,1,0,0,0,0,0,0,0,0,0,0,0,0,0,0,0,6392,3775,280,2966,295,14,31.44,315979,153080,162899,2231,6.8,11.04,196,9582,30478,100.0,6.85,14.44,3296,34.4
도봉구,2021,0,0,0,0,0,0,0,0,0,1,0,0,0,0,0,0,0,0,0,0,0,0,0,0,0,6597,4246,355,3315,348,15,36.86,309200,149413,159787,2969,8.5,12.24,151,10502,28488,102.5,4.93,14.86,3927,37.39
도봉구,2022,0,0,0,0,0,0,0,0,0,1,0,0,0,0,0,0,0,0,0,0,0,0,0,0,0,6654,4480,389,3648,326,16,42.66,304137,146600,157537,1891,5.0,13.07,191,11354,26616,107.72,4.0,12.1,4458,39.26
도봉구,2023,0,0,0,0,0,0,0,0,0,1,0,0,0,0,0,0,0,0,0,0,0,0,0,0,0,6779,4633,400,3879,290,13,49.73,299931,144315,155616,1781,4.5,13.84,171,12339,24811,111.59,7.62,18.18,4964,40.23
동대문구,2017,0,0,0,0,0,0,0,0,0,0,1,0,0,0,0,0,0,0,0,0,0,0,0,0,0,15375,3941,290,2396,1322,33,24.29,357380,176460,180920,1380,2.6,15.12,1696,8657,35637,97.645,4.0,2.94,7300,84.32
동대문구,2018,0,0,0,0,0,0,0,0,0,0,1,0,0,0,0,0,0,0,0,0,0,0,0,0,0,15399,4340,292,2609,1207,45,26.16,358141,176323,181818,1563,2.9,15.62,1844,9010,34439,99.086,1.05,2.26,2043,22.67
동대문구,2019,0,0,0,0,0,0,0,0,0,0,1,0,0,0,0,0,0,0,0,0,0,0,0,0,0,15476,4890,313,2748,1403,40,28.64,355094,174161,180933,2559,4.6,16.7,1543,9546,33326,99.466,8.1,16.97,4201,44.01
동대문구,2020,0,0,0,0,0,0,0,0,0,0,1,0,0,0,0,0,0,0,0,0,0,0,0,0,0,15076,5253,364,2922,1180,44,31.64,351057,171484,179573,2773,4.8,17.37,1527,10076,31846,100.0,3.96,10.59,4679,46.44
동대문구,2021,0,0,0,0,0,0,0,0,0,0,1,0,0,0,0,0,0,0,0,0,0,0,0,0,0,15664,5844,395,3107,1255,47,35.68,348201,169409,178792,4365,7.2,18.39,1198,10882,30495,102.5,3.22,8.31,5271,48.44
동대문구,2022,0,0,0,0,0,0,0,0,0,0,1,0,0,0,0,0,0,0,0,0,0,0,0,0,0,15912,6183,427,3289,1354,52,39.51,350709,169670,181039,2879,4.4,19.03,1368,11646,29476,107.72,5.94,9.93,5675,48.73
동대문구,2023,0,0,0,0,0,0,0,0,0,0,1,0,0,0,0,0,0,0,0,0,0,0,0,0,0,15886,6711,405,3451,1335,43,42.89,355999,171927,184072,2790,4.1,20.21,1344,12482,29103,111.59,2.76,6.19,5993,48.01
동작구,2017,0,0,0,0,0,0,0,0,0,0,0,1,0,0,0,0,0,0,0,0,0,0,0,0,0,15623,3294,332,3773,1070,9,16.98,400236,195253,204983,1401,2.6,14.15,1151,7339,43210,97.645,7.25,16.6,1615,22.01
동작구,2018,0,0,0,0,0,0,0,0,0,0,0,1,0,0,0,0,0,0,0,0,0,0,0,0,0,16139,3335,338,4017,1166,13,18.69,397980,193713,204267,2517,4.6,14.21,1108,7749,41455,99.086,9.24,19.8,2201,28.4
동작구,2019,0,0,0,0,0,0,0,0,0,0,0,1,0,0,0,0,0,0,0,0,0,0,0,0,0,16849,3629,377,4275,1247,12,20.91,400368,194049,206319,3216,5.7,15.1,891,8337,39862,99.466,6.07,18.23,2779,33.33
동작구,2020,0,0,0,0,0,0,0,0,0,0,0,1,0,0,0,0,0,0,0,0,0,0,0,0,0,17447,3798,452,4674,1267,13,23.73,392772,189611,203161,4013,6.7,16.01,1261,8941,37675,100.0,5.81,20.06,3272,36.6
동작구,2021,0,0,0,0,0,0,0,0,0,0,0,1,0,0,0,0,0,0,0,0,0,0,0,0,0,17718,4859,450,4924,1327,14,27.02,388094,187311,200783,4130,6.4,17.37,943,9711,35940,102.5,2.41,9.8,3741,38.52
동작구,2022,0,0,0,0,0,0,0,0,0,0,0,1,0,0,0,0,0,0,0,0,0,0,0,0,0,18973,4800,475,5353,1448,15,30.41,386605,186536,200069,3551,5.2,18.5,1074,10351,34036,107.72,3.15,8.46,4105,39.66
동작구,2023,0,0,0,0,0,0,0,0,0,0,0,1,0,0,0,0,0,0,0,0,0,0,0,0,0,19488,4984,460,5678,1526,12,33.43,384089,185348,198741,2661,3.7,19.26,963,10878,32543,111.59,1.66,4.96,4387,40.33
마포구,2017,0,0,0,0,0,0,0,0,0,0,0,0,1,0,0,0,0,0,0,0,0,0,0,0,0,10072,4151,261,4744,949,11,15.25,368841,175326,193515,780,1.5,14.67,611,6646,43580,97.645,9.44,17.06,1583,23.82
마포구,2018,0,0,0,0,0,0,0,0,0,0,0,0,1,0,0,0,0,0,0,0,0,0,0,0,0,10135,4092,275,5035,898,15,16.38,368181,174194,193987,2675,4.9,15.55,782,6900,42132,99.086,9.99,15.29,1956,28.35
마포구,2019,0,0,0,0,0,0,0,0,0,0,0,0,1,0,0,0,0,0,0,0,0,0,0,0,0,10167,4369,275,5285,853,13,17.67,369327,173893,195434,2411,4.2,16.09,554,7147,40457,99.466,6.33,10.91,2277,31.86
마포구,2020,0,0,0,0,0,0,0,0,0,0,0,0,1,0,0,0,0,0,0,0,0,0,0,0,0,10355,4765,313,5942,869,15,19.75,365612,171161,194451,3924,6.6,17.43,663,7636,38669,100.0,5.8,9.19,2622,34.34
마포구,2021,0,0,0,0,0,0,0,0,0,0,0,0,1,0,0,0,0,0,0,0,0,0,0,0,0,10475,5578,339,6698,850,16,22.13,365192,170867,194325,3990,6.3,18.58,485,8249,37283,102.5,4.42,8.69,3059,37.08
마포구,2022,0,0,0,0,0,0,0,0,0,0,0,0,1,0,0,0,0,0,0,0,0,0,0,0,0,10605,5969,351,7133,789,17,24.81,362408,168768,193640,2868,4.3,19.18,609,8683,35004,107.72,7.74,11.04,3152,36.3
마포구,2023,0,0,0,0,0,0,0,0,0,0,0,0,1,0,0,0,0,0,0,0,0,0,0,0,0,10844,6310,347,7302,926,14,27.6,361380,167854,193526,2082,3.0,19.55,613,9191,33305,111.59,3.37,5.27,3593,39.09
서대문구,2017,0,0,0,0,0,0,0,0,0,0,0,0,0,1,0,0,0,0,0,0,0,0,0,0,0,9866,2904,383,3054,649,10,20.79,321345,151132,170213,120,0.3,13.69,797,6930,33339,97.645,6.25,11.16,1697,24.49
서대문구,2018,0,0,0,0,0,0,0,0,0,0,0,0,0,1,0,0,0,0,0,0,0,0,0,0,0,10025,3048,410,3261,733,14,22.14,318874,149438,169436,1377,3.2,14.07,831,7136,32236,99.086,5.12,9.07,2033,28.49
서대문구,2019,0,0,0,0,0,0,0,0,0,0,0,0,0,1,0,0,0,0,0,0,0,0,0,0,0,10037,3239,440,3670,694,12,24.09,319394,149113,170281,1654,3.7,14.77,744,7517,31201,99.466,5.28,11.83,2519,33.51
서대문구,2020,0,0,0,0,0,0,0,0,0,0,0,0,0,1,0,0,0,0,0,0,0,0,0,0,0,10227,3790,439,3882,694,13,25.58,317209,148696,168513,3414,7.3,15.61,988,7954,31090,100.0,4.15,11.92,2923,36.75
서대문구,2021,0,0,0,0,0,0,0,0,0,0,0,0,0,1,0,0,0,0,0,0,0,0,0,0,0,10559,4156,514,4311,882,14,29.01,314547,146558,167989,2929,5.9,16.56,857,8545,29460,102.5,6.73,13.87,3478,40.7
서대문구,2022,0,0,0,0,0,0,0,0,0,0,0,0,0,1,0,0,0,0,0,0,0,0,0,0,0,10676,4427,526,4512,794,16,30.95,318308,146857,171451,1496,2.8,16.89,857,9020,29142,107.72,0.92,2.99,3820,42.35
서대문구,2023,0,0,0,0,0,0,0,0,0,0,0,0,0,1,0,0,0,0,0,0,0,0,0,0,0,10666,4703,547,4589,843,13,33.86,320168,147424,172744,1882,3.5,17.54,684,9552,28212,111.59,3.21,3.35,3880,40.62
서초구,2017,0,0,0,0,0,0,0,0,0,0,0,0,0,0,1,0,0,0,0,0,0,0,0,0,0,6259,3974,267,3265,778,6,8.08,414550,198241,216309,1345,3.5,9.58,537,5011,62043,97.645,1.59,1.4,680,13.57
서초구,2018,0,0,0,0,0,0,0,0,0,0,0,0,0,0,1,0,0,0,0,0,0,0,0,0,0,6110,4176,280,3585,767,8,8.79,409491,196064,213427,1435,3.6,10.05,504,5290,60202,99.086,1.3,1.61,811,15.33
서초구,2019,0,0,0,0,0,0,0,0,0,0,0,0,0,0,1,0,0,0,0,0,0,0,0,0,0,6120,4352,263,3830,763,7,9.6,404960,194195,210765,1530,3.7,10.54,521,5602,58340,99.466,3.84,8.76,1494,26.67
서초구,2020,0,0,0,0,0,0,0,0,0,0,0,0,0,0,1,0,0,0,0,0,0,0,0,0,0,6010,4343,297,4136,718,8,10.83,401749,192081,209668,1275,3.0,11.2,600,6170,56954,100.0,3.49,8.77,1698,27.52
서초구,2021,0,0,0,0,0,0,0,0,0,0,0,0,0,0,1,0,0,0,0,0,0,0,0,0,0,5913,4807,333,4505,762,9,12.32,392302,187435,204867,1991,4.5,11.99,297,6743,54730,102.5,4.32,10.07,1899,28.16
서초구,2022,0,0,0,0,0,0,0,0,0,0,0,0,0,0,1,0,0,0,0,0,0,0,0,0,0,5826,4950,315,4816,691,10,13.77,383181,183006,200175,812,1.8,12.13,278,7151,51932,107.72,5.5,6.72,2061,28.82
서초구,2023,0,0,0,0,0,0,0,0,0,0,0,0,0,0,1,0,0,0,0,0,0,0,0,0,0,5936,5254,351,5017,744,8,15.37,385267,183751,201516,2011,4.3,12.14,261,7764,50507,111.59,2.19,3.93,2332,30.04
성동구,2017,0,0,0,0,0,0,0,0,0,0,0,0,0,0,0,1,0,0,0,0,0,0,0,0,0,10794,4285,96,1458,875,9,16.73,302367,149060,153307,1993,5.4,12.92,708,5642,33732,97.645,8.27,11.26,1501,26.6
성동구,2018,0,0,0,0,0,0,0,0,0,0,0,0,0,0,0,1,0,0,0,0,0,0,0,0,0,10757,4333,130,1620,898,12,18.07,306796,150623,156173,1639,4.2,13.27,758,6006,33238,99.086,6.17,11.46,1670,27.81
성동구,2019,0,0,0,0,0,0,0,0,0,0,0,0,0,0,0,1,0,0,0,0,0,0,0,0,0,10639,4630,118,1607,858,11,19.95,299688,146630,153058,782,1.9,13.84,587,6296,31559,99.466,5.61,9.77,2220,35.26
성동구,2020,0,0,0,0,0,0,0,0,0,0,0,0,0,0,0,1,0,0,0,0,0,0,0,0,0,10461,4907,124,1695,918,12,22.61,291918,142128,149790,1097,2.6,14.59,753,6685,29566,100.0,5.66,11.76,2605,38.97
성동구,2021,0,0,0,0,0,0,0,0,0,0,0,0,0,0,0,1,0,0,0,0,0,0,0,0,0,10766,5403,143,1785,1024,13,25.64,286469,139181,147288,2361,5.5,15.69,534,7236,28220,102.5,3.31,8.29,2985,41.25
성동구,2022,0,0,0,0,0,0,0,0,0,0,0,0,0,0,0,1,0,0,0,0,0,0,0,0,0,10996,5507,192,1874,1002,14,28.77,282131,136734,145397,1602,3.6,16.76,665,7740,26903,107.72,4.98,12.04,3255,42.05
성동구,2023,0,0,0,0,0,0,0,0,0,0,0,0,0,0,0,1,0,0,0,0,0,0,0,0,0,11155,5684,166,2178,1081,11,32.52,277683,134488,143195,1563,3.4,17.05,593,8206,25233,111.59,2.09,5.17,3536,43.09
성북구,2017,0,0,0,0,0,0,0,0,0,0,0,0,0,0,0,0,1,0,0,0,0,0,0,0,0,13503,3938,484,2983,1329,11,17.24,445417,215068,230349,126,0.2,12.44,1514,9026,52354,97.645,6.04,14.46,2529,28.02
성북구,2018,0,0,0,0,0,0,0,0,0,0,0,0,0,0,0,0,1,0,0,0,0,0,0,0,0,13442,3993,476,3236,1283,15,19.03,438734,211204,227530,893,1.6,12.38,1616,9395,49379,99.086,5.52,9.89,2914,31.02
성북구,2019,0,0,0,0,0,0,0,0,0,0,0,0,0,0,0,0,1,0,0,0,0,0,0,0,0,13702,4678,490,3548,1382,13,20.2,445327,213832,231495,2696,4.9,13.18,1355,9810,48562,99.466,9.6,11.54,3699,37.71
성북구,2020,0,0,0,0,0,0,0,0,0,0,0,0,0,0,0,0,1,0,0,0,0,0,0,0,0,13717,5014,601,4037,1216,14,22.78,438833,209682,229151,3678,6.4,14.21,1931,10514,46162,100.0,4.9,12.54,4141,39.39
성북구,2021,0,0,0,0,0,0,0,0,0,0,0,0,0,0,0,0,1,0,0,0,0,0,0,0,0,14248,5554,694,4463,1286,15,25.49,435509,207428,228081,3475,5.6,14.81,1396,11365,44582,102.5,4.1,9.51,4725,41.58
성북구,2022,0,0,0,0,0,0,0,0,0,0,0,0,0,0,0,0,1,0,0,0,0,0,0,0,0,14413,6061,680,4723,1242,17,28.47,436113,207284,228829,2237,3.4,15.44,1788,12220,42920,107.72,1.98,5.84,6880,56.3
성북구,2023,0,0,0,0,0,0,0,0,0,0,0,0,0,0,0,0,1,0,0,0,0,0,0,0,0,14598,6172,764,4988,1280,14,32.08,432874,205261,227613,1926,2.9,15.53,1618,13022,40594,111.59,7.03,13.73,7495,57.56
송파구,2017,0,0,0,0,0,0,0,0,0,0,0,0,0,0,0,0,0,1,0,0,0,0,0,0,0,8253,4391,233,8229,989,13,9.95,633953,307723,326230,4439,8.2,9.22,282,8433,84755,97.645,5.01,10.04,1833,21.74
송파구,2018,0,0,0,0,0,0,0,0,0,0,0,0,0,0,0,0,0,1,0,0,0,0,0,0,0,8089,4754,257,9100,991,18,10.97,638167,309442,328725,4603,7.8,9.78,286,9057,82584,99.086,4.22,12.26,2312,25.53
송파구,2019,0,0,0,0,0,0,0,0,0,0,0,0,0,0,0,0,0,1,0,0,0,0,0,0,0,8457,5235,266,10063,1088,16,12.18,648600,313725,334875,5410,8.5,10.86,282,10026,82343,99.466,4.56,9.77,2827,28.2
송파구,2020,0,0,0,0,0,0,0,0,0,0,0,0,0,0,0,0,0,1,0,0,0,0,0,0,0,8672,5275,326,10871,1132,18,13.93,643288,309802,333486,4833,7.0,11.61,284,11115,79805,100.0,2.33,7.26,3497,31.46
송파구,2021,0,0,0,0,0,0,0,0,0,0,0,0,0,0,0,0,0,1,0,0,0,0,0,0,0,8767,6003,328,11741,1232,19,16.16,634720,305449,329271,5568,7.6,12.47,243,12495,77329,102.5,1.9,6.06,4186,33.5
송파구,2022,0,0,0,0,0,0,0,0,0,0,0,0,0,0,0,0,0,1,0,0,0,0,0,0,0,9025,6537,364,12419,1187,21,18.1,635758,305954,329804,3211,4.1,13.08,273,13680,75568,107.72,1.01,2.68,4667,34.12
송파구,2023,0,0,0,0,0,0,0,0,0,0,0,0,0,0,0,0,0,1,0,0,0,0,0,0,0,9225,6982,373,13380,1199,17,20.64,630744,303004,327740,4667,5.7,13.55,266,14961,72480,111.59,1.23,1.96,5154,34.45
양천구,2017,0,0,0,0,0,0,0,0,0,0,0,0,0,0,0,0,0,0,1,0,0,0,0,0,0,6580,3223,250,3421,290,14,12.06,452111,222503,229608,210,0.6,7.51,149,7490,62121,97.645,8.32,20.69,2076,27.72
양천구,2018,0,0,0,0,0,0,0,0,0,0,0,0,0,0,0,0,0,0,1,0,0,0,0,0,0,6487,3413,268,3790,323,20,13.45,445591,218975,226616,1216,3.7,7.59,149,8041,59776,99.086,6.39,16.96,3072,38.2
양천구,2019,0,0,0,0,0,0,0,0,0,0,0,0,0,0,0,0,0,0,1,0,0,0,0,0,0,6620,3645,268,4219,307,18,15.21,440354,216078,224276,2041,5.9,8.61,142,8755,57546,99.466,7.86,20.83,3288,37.56
양천구,2020,0,0,0,0,0,0,0,0,0,0,0,0,0,0,0,0,0,0,1,0,0,0,0,0,0,6705,4218,313,4753,330,19,17.34,439068,214978,224090,3091,8.5,9.24,144,9776,56367,100.0,5.91,24.52,3937,40.27
양천구,2021,0,0,0,0,0,0,0,0,0,0,0,0,0,0,0,0,0,0,1,0,0,0,0,0,0,6955,4733,350,5369,332,21,19.99,433373,211970,221403,3537,9.0,9.92,131,10819,54121,102.5,3.6,14.69,4680,43.26
양천구,2022,0,0,0,0,0,0,0,0,0,0,0,0,0,0,0,0,0,0,1,0,0,0,0,0,0,7166,4911,362,5965,353,23,23.17,426981,208521,218460,2529,5.9,10.36,145,11837,51078,107.72,3.07,11.37,5103,43.11
양천구,2023,0,0,0,0,0,0,0,0,0,0,0,0,0,0,0,0,0,0,1,0,0,0,0,0,0,7308,5027,382,6291,327,19,26.46,422248,205753,216495,1604,3.5,10.57,128,12911,48793,111.59,2.79,8.92,5791,44.85
영등포구,2017,0,0,0,0,0,0,0,0,0,0,0,0,0,0,0,0,0,0,0,1,0,0,0,0,0,9599,4573,123,2137,837,20,19.7,393560,196929,196631,1698,3.4,12.98,195,7764,39406,97.645,5.13,6.56,2724,35.09
영등포구,2018,0,0,0,0,0,0,0,0,0,0,0,0,0,0,0,0,0,0,0,1,0,0,0,0,0,9670,4646,126,2435,901,27,20.82,395286,198031,197255,2326,4.5,13.31,186,7884,37863,99.086,3.72,5.18,2214,28.08
영등포구,2019,0,0,0,0,0,0,0,0,0,0,0,0,0,0,0,0,0,0,0,1,0,0,0,0,0,10045,5011,150,2766,1029,24,22.87,394083,196903,197180,4737,8.9,14.45,251,8378,36639,99.466,4.13,8.38,2919,34.84
영등포구,2020,0,0,0,0,0,0,0,0,0,0,0,0,0,0,0,0,0,0,0,1,0,0,0,0,0,10581,5778,157,3199,970,26,24.18,403619,200678,202941,5786,9.9,15.86,189,9013,37280,100.0,4.17,10.18,3455,38.33
영등포구,2021,0,0,0,0,0,0,0,0,0,0,0,0,0,0,0,0,0,0,0,1,0,0,0,0,0,10840,6381,182,3612,1236,28,26.73,402984,200027,202957,5806,9.1,17.66,165,9722,36369,102.5,2.59,7.09,3455,35.54
영등포구,2022,0,0,0,0,0,0,0,0,0,0,0,0,0,0,0,0,0,0,0,1,0,0,0,0,0,11271,6629,192,3920,1155,31,29.48,401805,198830,202975,4156,6.0,18.47,195,10390,35239,107.72,2.91,4.21,4297,41.36
영등포구,2023,0,0,0,0,0,0,0,0,0,0,0,0,0,0,0,0,0,0,0,1,0,0,0,0,0,11429,6958,249,4078,1285,26,33.46,400544,197696,202848,3933,5.3,19.79,184,11203,33484,111.59,4.66,5.68,1514,13.51
용산구,2017,0,0,0,0,0,0,0,0,0,0,0,0,0,0,0,0,0,0,0,0,1,0,0,0,0,7833,2331,295,2232,332,22,22.43,223898,108471,115427,1435,4.5,14.57,265,5199,23174,97.645,5.14,9.82,2052,39.47
용산구,2018,0,0,0,0,0,0,0,0,0,0,0,0,0,0,0,0,0,0,0,0,1,0,0,0,0,7935,2331,317,2437,280,30,23.74,226938,110685,116253,1164,3.5,15.29,307,5279,22238,99.086,4.13,7.64,1758,33.3
용산구,2019,0,0,0,0,0,0,0,0,0,0,0,0,0,0,0,0,0,0,0,0,1,0,0,0,0,7873,2312,328,2733,307,27,25.43,227181,110934,116247,908,2.7,15.47,252,5452,21439,99.466,3.36,7.77,2154,39.51
용산구,2020,0,0,0,0,0,0,0,0,0,0,0,0,0,0,0,0,0,0,0,0,1,0,0,0,0,7851,2328,341,3175,284,29,27.13,225882,109162,116720,1733,4.9,16.64,457,5613,20688,100.0,2.46,5.1,2421,43.13
용산구,2021,0,0,0,0,0,0,0,0,0,0,0,0,0,0,0,0,0,0,0,0,1,0,0,0,0,8025,2736,370,3570,389,32,29.81,221688,106910,114778,2389,6.5,17.91,140,5843,19604,102.5,3.52,5.78,2650,45.35
용산구,2022,0,0,0,0,0,0,0,0,0,0,0,0,0,0,0,0,0,0,0,0,1,0,0,0,0,8212,3108,360,3894,380,35,33.19,219289,105474,113815,2167,5.5,19.29,349,6198,18677,107.72,3.59,6.09,2871,46.32
용산구,2023,0,0,0,0,0,0,0,0,0,0,0,0,0,0,0,0,0,0,0,0,1,0,0,0,0,8181,3212,384,4158,410,28,37.46,214791,102923,111868,1045,2.5,18.81,315,6549,17483,111.59,0.88,2.25,3029,46.25
은평구,2017,0,0,0,0,0,0,0,0,0,0,0,0,0,0,0,0,0,0,0,0,0,1,0,0,0,8130,2703,299,6110,551,23,18.65,466243,225813,240430,2095,4.7,10.27,198,10264,55045,97.645,7.05,16.47,3753,36.56
은평구,2018,0,0,0,0,0,0,0,0,0,0,0,0,0,0,0,0,0,0,0,0,0,1,0,0,0,8202,2836,337,6631,562,31,20.72,462552,223452,239100,2353,5.1,10.49,235,10812,52187,99.086,6.89,16.09,4617,42.7
은평구,2019,0,0,0,0,0,0,0,0,0,0,0,0,0,0,0,0,0,0,0,0,0,1,0,0,0,8560,3320,340,7017,556,28,23.28,461530,222076,239454,3926,8.0,11.44,251,11596,49813,99.466,4.22,11.74,4756,41.01
은평구,2020,0,0,0,0,0,0,0,0,0,0,0,0,0,0,0,0,0,0,0,0,0,1,0,0,0,9112,3617,385,7849,524,30,26.78,463102,221828,241274,5039,9.5,12.51,235,12794,47781,100.0,5.88,19.07,1718,13.43
은평구,2021,0,0,0,0,0,0,0,0,0,0,0,0,0,0,0,0,0,0,0,0,0,1,0,0,0,9265,4244,389,8598,674,33,30.82,457385,218155,239230,4594,7.9,13.65,190,13955,45280,102.5,4.45,6.14,6273,44.95
은평구,2022,0,0,0,0,0,0,0,0,0,0,0,0,0,0,0,0,0,0,0,0,0,1,0,0,0,9423,4683,424,9092,651,36,35.02,454649,216315,238334,3322,5.3,14.47,231,15054,42981,107.72,3.13,8.39,6927,46.01
은평구,2023,0,0,0,0,0,0,0,0,0,0,0,0,0,0,0,0,0,0,0,0,0,1,0,0,0,9434,5150,456,9425,735,29,39.56,452988,214646,238342,3081,4.7,14.87,226,16250,41081,111.59,2.69,6.59,7630,46.95
종로구,2017,0,0,0,0,0,0,0,0,0,0,0,0,0,0,0,0,0,0,0,0,0,0,1,0,0,5565,1282,315,1407,444,14,26.51,157277,76670,80607,803,3.5,14.96,507,3822,14416,97.645,4.62,9.78,1256,32.86
종로구,2018,0,0,0,0,0,0,0,0,0,0,0,0,0,0,0,0,0,0,0,0,0,0,1,0,0,6367,1227,314,1442,517,19,28.14,157967,77147,80820,1688,7.1,16.34,798,3912,13904,99.086,4.02,9.49,1302,33.28
종로구,2019,0,0,0,0,0,0,0,0,0,0,0,0,0,0,0,0,0,0,0,0,0,0,1,0,0,5653,1409,333,1468,443,17,30.47,154969,74880,80089,-655,-2.6,16.31,507,4072,13364,99.466,6.17,10.54,1445,35.49
종로구,2020,0,0,0,0,0,0,0,0,0,0,0,0,0,0,0,0,0,0,0,0,0,0,1,0,0,5611,1514,397,1696,456,19,34.31,151291,73062,78229,1312,5.3,17.46,398,4350,12679,100.0,4.12,6.9,1663,38.23
종로구,2021,0,0,0,0,0,0,0,0,0,0,0,0,0,0,0,0,0,0,0,0,0,0,1,0,0,5661,1631,447,1811,487,20,39.02,148857,71367,77490,1325,5.1,18.51,328,4650,11918,102.5,4.22,8.09,1839,39.55
종로구,2022,0,0,0,0,0,0,0,0,0,0,0,0,0,0,0,0,0,0,0,0,0,0,1,0,0,5669,1644,434,1876,477,22,43.47,147512,70318,77194,1116,4.1,19.44,503,4834,11121,107.72,4.4,7.33,2000,41.37
종로구,2023,0,0,0,0,0,0,0,0,0,0,0,0,0,0,0,0,0,0,0,0,0,0,1,0,0,5761,1817,465,1914,498,18,49.43,146179,69579,76600,910,3.2,18.65,547,5170,10459,111.59,3.61,7.31,2231,43.15
중구,2017,0,0,0,0,0,0,0,0,0,0,0,0,0,0,0,0,0,0,0,0,0,0,0,1,0,3475,2384,142,1027,452,9,30.16,127896,62195,65701,493,2.5,15.4,499,3410,11306,97.645,5.29,11.02,1112,32.61
중구,2018,0,0,0,0,0,0,0,0,0,0,0,0,0,0,0,0,0,0,0,0,0,0,0,1,0,3486,2418,152,1123,461,13,32.6,129797,62975,66822,639,3.2,16.16,585,3547,10879,99.086,5.41,13.78,1416,39.92
중구,2019,0,0,0,0,0,0,0,0,0,0,0,0,0,0,0,0,0,0,0,0,0,0,0,1,0,3517,2738,146,1176,447,12,35.65,130957,63406,67551,1275,6.1,17.48,489,3759,10543,99.466,5.44,12.41,1447,38.49
중구,2020,0,0,0,0,0,0,0,0,0,0,0,0,0,0,0,0,0,0,0,0,0,0,0,1,0,3502,2843,171,1295,450,13,41.05,128744,62147,66597,740,3.4,18.22,435,4075,9928,100.0,4.56,11.44,1872,45.94
중구,2021,0,0,0,0,0,0,0,0,0,0,0,0,0,0,0,0,0,0,0,0,0,0,0,1,0,3374,3063,162,1352,419,14,47.68,126310,60657,65653,1726,7.6,19.24,268,4459,9352,102.5,3.6,9.89,2168,48.62
중구,2022,0,0,0,0,0,0,0,0,0,0,0,0,0,0,0,0,0,0,0,0,0,0,0,1,0,3257,3173,158,1505,378,15,53.89,125257,59795,65462,703,2.9,19.74,351,4797,8901,107.72,6.08,12.98,2392,49.86
중구,2023,0,0,0,0,0,0,0,0,0,0,0,0,0,0,0,0,0,0,0,0,0,0,0,1,0,3741,3691,182,1668,469,12,60.91,127576,60980,66596,3046,12.1,21.8,547,5194,8528,111.59,4.66,11.24,2553,49.15
중랑구,2017,0,0,0,0,0,0,0,0,0,0,0,0,0,0,0,0,0,0,0,0,0,0,0,0,1,15574,2850,331,2712,769,26,22.81,396892,196346,200546,1826,4.0,11.98,203,9502,41660,97.645,9.46,22.14,3047,32.07
중랑구,2018,0,0,0,0,0,0,0,0,0,0,0,0,0,0,0,0,0,0,0,0,0,0,0,0,1,15407,3085,363,3177,801,36,25.68,391668,193599,198069,1664,3.5,12.56,167,10105,39355,99.086,13.1,32.29,4005,39.63
중랑구,2019,0,0,0,0,0,0,0,0,0,0,0,0,0,0,0,0,0,0,0,0,0,0,0,0,1,15866,3349,355,3503,894,31,29.32,386331,190531,195800,2989,6.1,13.51,201,10920,37243,99.466,5.54,20.87,4826,44.19
중랑구,2020,0,0,0,0,0,0,0,0,0,0,0,0,0,0,0,0,0,0,0,0,0,0,0,0,1,16400,4084,416,3997,924,34,34.39,385663,189537,196126,4409,8.4,14.68,206,12190,35444,100.0,4.07,16.39,6275,51.48
중랑구,2021,0,0,0,0,0,0,0,0,0,0,0,0,0,0,0,0,0,0,0,0,0,0,0,0,1,16999,4387,439,4400,1147,37,40.08,380307,186364,193943,3882,6.9,15.9,169,13358,33325,102.5,9.1,31.97,7074,52.96
중랑구,2022,0,0,0,0,0,0,0,0,0,0,0,0,0,0,0,0,0,0,0,0,0,0,0,0,1,17208,4962,458,4866,1065,41,45.26,379127,185196,193931,3847,6.4,16.97,213,14569,32188,107.72,2.93,7.34,7778,53.39
중랑구,2023,0,0,0,0,0,0,0,0,0,0,0,0,0,0,0,0,0,0,0,0,0,0,0,0,1,17374,5305,444,5062,1213,33,51.52,376621,183685,192936,2572,4.0,17.76,209,15793,30655,111.59,2.14,5.76,8428,53.37
